CREATE DATABASE  IF NOT EXISTS `ao-new` /*!40100 DEFAULT CHARACTER SET utf8mb4 COLLATE utf8mb4_0900_ai_ci */ /*!80016 DEFAULT ENCRYPTION='N' */;
USE `ao-new`;
-- MySQL dump 10.13  Distrib 8.0.25, for Win64 (x86_64)
--
-- Host: localhost    Database: ao-new
-- ------------------------------------------------------
-- Server version	8.0.25

/*!40101 SET @OLD_CHARACTER_SET_CLIENT=@@CHARACTER_SET_CLIENT */;
/*!40101 SET @OLD_CHARACTER_SET_RESULTS=@@CHARACTER_SET_RESULTS */;
/*!40101 SET @OLD_COLLATION_CONNECTION=@@COLLATION_CONNECTION */;
/*!50503 SET NAMES utf8 */;
/*!40103 SET @OLD_TIME_ZONE=@@TIME_ZONE */;
/*!40103 SET TIME_ZONE='+00:00' */;
/*!40014 SET @OLD_UNIQUE_CHECKS=@@UNIQUE_CHECKS, UNIQUE_CHECKS=0 */;
/*!40014 SET @OLD_FOREIGN_KEY_CHECKS=@@FOREIGN_KEY_CHECKS, FOREIGN_KEY_CHECKS=0 */;
/*!40101 SET @OLD_SQL_MODE=@@SQL_MODE, SQL_MODE='NO_AUTO_VALUE_ON_ZERO' */;
/*!40111 SET @OLD_SQL_NOTES=@@SQL_NOTES, SQL_NOTES=0 */;

--
-- Table structure for table `account`
--

DROP TABLE IF EXISTS `account`;
/*!40101 SET @saved_cs_client     = @@character_set_client */;
/*!50503 SET character_set_client = utf8mb4 */;
CREATE TABLE `account` (
  `id` int unsigned NOT NULL AUTO_INCREMENT,
  `email` varchar(100) NOT NULL,
  `password` varchar(32) NOT NULL,
  `first_name` varchar(30) NOT NULL,
  `last_name` varchar(30) NOT NULL,
  `validated` tinyint NOT NULL,
  `recovery_code` varchar(8) DEFAULT NULL,
  `validation_code` varchar(8) DEFAULT NULL,
  `last_ip` varchar(16) NOT NULL,
  `previous_ip` varchar(16) NOT NULL,
  `is_banned` tinyint NOT NULL,
  `ban_gm_id` int unsigned DEFAULT NULL,
  `ban_reason` varchar(200) DEFAULT NULL,
  `last_login_at` timestamp NULL DEFAULT NULL,
  `bank_gold` int NOT NULL,
  PRIMARY KEY (`id`),
  UNIQUE KEY `email_UNIQUE` (`email`),
  KEY `fk_account_character1_idx` (`ban_gm_id`)
) ENGINE=InnoDB AUTO_INCREMENT=18 DEFAULT CHARSET=utf8mb3;
/*!40101 SET character_set_client = @saved_cs_client */;

--
-- Dumping data for table `account`
--

LOCK TABLES `account` WRITE;
/*!40000 ALTER TABLE `account` DISABLE KEYS */;
INSERT INTO `account` VALUES (1,'yindsoft@gmail.com','d2104a400c7f629a197f33bb33fe80c0','','',1,'',NULL,'138.36.220.39','138.36.220.39',0,NULL,NULL,'2022-08-09 16:52:06',1423),(2,'yindsoft2@gmail.com','d2104a400c7f629a197f33bb33fe80c0','','',1,NULL,'2DTDABW6','127.0.0.1','127.0.0.1',0,NULL,NULL,'2022-07-29 19:59:52',0),(3,'yindsoft3@gmail.com','d2104a400c7f629a197f33bb33fe80c0','','',1,NULL,'BAI8XPON','127.0.0.1','127.0.0.1',0,NULL,NULL,'2022-07-29 20:01:07',0),(4,'yindsoft6@gmail.com','d2104a400c7f629a197f33bb33fe80c0','Javier','Podavini',1,NULL,'GWXU4YCJ','127.0.0.1','127.0.0.1',0,NULL,NULL,'2022-07-29 21:07:39',5106),(5,'sperezn18@hotmail.com','bfd59291e825b5f2bbf1eb76569f8fe7','Sergio','Perez',1,NULL,'FQ1UXZW2','37.223.12.108','37.223.12.108',0,NULL,NULL,'2022-08-10 17:43:58',0),(6,'nano.pele010@gmail.com','b890b1b4982944fe68ef2c727c928958','Nano','Pele',1,NULL,'XTNHOXB4','181.168.105.155','181.168.105.155',0,NULL,NULL,'2022-08-10 07:46:10',0),(7,'asd@asd.com','7815696ecbf1c96e6894b779456d330e','pepe','miglio',1,NULL,'MIXHNMNX','138.36.220.39','138.36.220.39',0,NULL,NULL,'2022-07-30 21:34:42',0),(8,'flechajm@gmail.com','a8f5f167f44f4964e6c998dee827110c','John','Arrow',1,NULL,'SC5H3DCW','181.229.56.29','181.229.56.29',0,NULL,NULL,'2022-08-01 19:19:47',0),(9,'gonza_va@hotmail.com','68eacb97d86f0c4621fa2b0e17cabd8c','Gonzalo','Zyphril',1,NULL,'6W8QPXCH','66.60.33.107','66.60.33.107',0,NULL,NULL,'2022-07-31 20:19:10',0),(10,'sforzini.jonatan@gmail.com','7815696ecbf1c96e6894b779456d330e','jonatan','sforzini',1,NULL,'2TZYFE6W','181.47.192.168','181.47.192.168',0,NULL,NULL,'2022-07-31 22:10:14',0),(11,'raamaorc@gmail.com','a8f5f167f44f4964e6c998dee827110c','rama','rama',1,NULL,'MRY60FBN','181.171.241.61','181.171.241.61',0,NULL,NULL,'2022-07-31 19:42:02',0),(12,'carlos.montsant@gmail.com','9da272cec373f0a07480ee236e13faa4','Moon','Moon1',1,NULL,'7KNVXNMO','83.50.13.65','83.50.13.65',0,NULL,NULL,'2022-08-01 00:40:59',0),(13,'ror4mone@gmail.com','0aca3a5453beb0eecded429d8e797bd0','rodrigo','ramone',1,NULL,'VKO7VPX5','186.57.251.134','186.57.251.134',0,NULL,NULL,'2022-08-09 02:09:20',55000),(14,'elgranpote@gmail.com','d6fd4577ee31a5fe6fdd7241bd9e6db6','natanael','garrido',1,NULL,'5E8GMKXH','190.49.16.69','190.49.83.120',0,NULL,NULL,'2022-08-07 23:00:39',0),(15,'ramiroreyesarg@gmail.com','248e5c0dd8b9e8ad8f084788bbaa915f','Ramiro','Reyes',1,NULL,'GR1XZLSQ','181.229.68.252','181.229.68.252',0,NULL,NULL,'2022-08-08 02:33:28',0),(16,'nahuel.sillero@gmail.com','f5bb0c8de146c67b44babbf4e6584cc0','nawel','sistero',1,NULL,'CL445Z7D','181.168.105.155','181.168.105.155',0,NULL,NULL,'2022-08-10 07:39:21',0),(17,'martintrionfetti@gmail.com','f3949a6394f4a55bd719f0471c1705b8','martin','trionfetti',1,NULL,'A4X5MIKK','127.0.0.1','127.0.0.1',0,NULL,NULL,'2022-10-17 13:56:24',0);
/*!40000 ALTER TABLE `account` ENABLE KEYS */;
UNLOCK TABLES;

--
-- Table structure for table `account_vault`
--

DROP TABLE IF EXISTS `account_vault`;
/*!40101 SET @saved_cs_client     = @@character_set_client */;
/*!50503 SET character_set_client = utf8mb4 */;
CREATE TABLE `account_vault` (
  `account_id` int unsigned NOT NULL,
  `object_id` int unsigned NOT NULL,
  `position` tinyint unsigned NOT NULL,
  `amount` int unsigned NOT NULL,
  PRIMARY KEY (`account_id`,`position`),
  KEY `fk_character_inventory_object1_idx` (`object_id`),
  KEY `fk_account_vault_account1_idx` (`account_id`)
) ENGINE=InnoDB DEFAULT CHARSET=utf8mb3;
/*!40101 SET character_set_client = @saved_cs_client */;

--
-- Dumping data for table `account_vault`
--

LOCK TABLES `account_vault` WRITE;
/*!40000 ALTER TABLE `account_vault` DISABLE KEYS */;
/*!40000 ALTER TABLE `account_vault` ENABLE KEYS */;
UNLOCK TABLES;

--
-- Table structure for table `achievement`
--

DROP TABLE IF EXISTS `achievement`;
/*!40101 SET @saved_cs_client     = @@character_set_client */;
/*!50503 SET character_set_client = utf8mb4 */;
CREATE TABLE `achievement` (
  `id` int unsigned NOT NULL AUTO_INCREMENT,
  `achievement_name` varchar(80) NOT NULL,
  `description` varchar(250) NOT NULL,
  PRIMARY KEY (`id`)
) ENGINE=InnoDB DEFAULT CHARSET=utf8mb3;
/*!40101 SET character_set_client = @saved_cs_client */;

--
-- Dumping data for table `achievement`
--

LOCK TABLES `achievement` WRITE;
/*!40000 ALTER TABLE `achievement` DISABLE KEYS */;
/*!40000 ALTER TABLE `achievement` ENABLE KEYS */;
UNLOCK TABLES;

--
-- Table structure for table `character`
--

DROP TABLE IF EXISTS `character`;
/*!40101 SET @saved_cs_client     = @@character_set_client */;
/*!50503 SET character_set_client = utf8mb4 */;
CREATE TABLE `character` (
  `id` int unsigned NOT NULL AUTO_INCREMENT,
  `account_id` int unsigned NOT NULL,
  `character_name` varchar(40) NOT NULL,
  `deleted_at` timestamp NULL DEFAULT NULL,
  `created_at` timestamp NOT NULL DEFAULT CURRENT_TIMESTAMP,
  `last_ip` varchar(16) NOT NULL,
  `previous_ip` varchar(16) NOT NULL,
  `last_login_at` timestamp NULL DEFAULT CURRENT_TIMESTAMP,
  `last_logout_at` timestamp NULL DEFAULT NULL,
  `level` int NOT NULL,
  `exp` int NOT NULL,
  `genre_id` int NOT NULL,
  `race_id` int NOT NULL,
  `class_id` int NOT NULL,
  `city_id` int unsigned NOT NULL,
  `description` varchar(80) NOT NULL,
  `gold` int NOT NULL,
  `free_skillpoints` int NOT NULL,
  `pos_map` int NOT NULL,
  `pos_x` int NOT NULL,
  `pos_y` int NOT NULL,
  `body_id` int NOT NULL,
  `head_id` int NOT NULL,
  `wear_id` int NOT NULL DEFAULT '0',
  `weapon_id` int NOT NULL DEFAULT '0',
  `helmet_id` int NOT NULL DEFAULT '0',
  `shield_id` int NOT NULL DEFAULT '0',
  `ship_object_id` int NOT NULL,
  `heading` int NOT NULL,
  `min_hp` int NOT NULL,
  `max_hp` int NOT NULL,
  `min_man` int NOT NULL,
  `max_man` int NOT NULL,
  `min_sta` int NOT NULL,
  `max_sta` int NOT NULL,
  `min_hunger` int NOT NULL,
  `max_hunger` int NOT NULL,
  `min_thirst` int NOT NULL,
  `max_thirst` int NOT NULL,
  `min_hit` int NOT NULL,
  `max_hit` int NOT NULL,
  `invent_level` int NOT NULL,
  `vault_level` int NOT NULL,
  `guild_id` int unsigned DEFAULT NULL,
  `return_map` int NOT NULL,
  `return_x` int NOT NULL,
  `return_y` int NOT NULL,
  `delete_code` varchar(8) DEFAULT NULL,
  `faction` int NOT NULL,
  `faction_reward` int NOT NULL,
  `faction_entry_at` timestamp NULL DEFAULT NULL,
  `faction_entry_users` int NOT NULL,
  `killed_npcs` int NOT NULL,
  `killed_users` int NOT NULL,
  `killed_citizens` int NOT NULL,
  `killed_criminals` int NOT NULL,
  `deaths_npcs` int NOT NULL,
  `deaths_users` int NOT NULL,
  `deaths` int NOT NULL,
  `steps` bigint NOT NULL,
  `is_poisoned` tinyint NOT NULL,
  `is_incinerated` tinyint NOT NULL,
  `is_sailing` tinyint NOT NULL,
  `is_paralyzed` tinyint NOT NULL,
  `is_silenced` tinyint NOT NULL,
  `is_mounted` tinyint NOT NULL,
  `is_logged` tinyint NOT NULL,
  `chat_global` tinyint NOT NULL,
  `chat_combate` tinyint NOT NULL,
  `fishing_points` int NOT NULL,
  `elo` int NOT NULL,
  `time_played` bigint NOT NULL,
  `is_published` tinyint NOT NULL,
  `is_locked` tinyint NOT NULL,
  `jail_time` int NOT NULL,
  `silence_time` int NOT NULL,
  `banned_penalty_id` int unsigned DEFAULT NULL,
  PRIMARY KEY (`id`),
  KEY `fk_character_account_idx` (`account_id`),
  KEY `fk_character_city1_idx` (`city_id`),
  KEY `fk_character_guild1_idx` (`guild_id`),
  KEY `fk_character_character_penalty1_idx` (`banned_penalty_id`)
) ENGINE=InnoDB AUTO_INCREMENT=35 DEFAULT CHARSET=utf8mb3;
/*!40101 SET character_set_client = @saved_cs_client */;

--
-- Dumping data for table `character`
--

LOCK TABLES `character` WRITE;
/*!40000 ALTER TABLE `character` DISABLE KEYS */;
INSERT INTO `character` VALUES (2,1,'El Yind',NULL,'2022-07-27 13:00:00','138.36.220.39','138.36.220.39','2022-08-08 14:24:53','2022-08-08 14:27:39',28,759565,1,1,1,1,'test',1007534,67,1,324,1428,885,1,885,20,2,2,0,2,693,693,174,174,905,905,100,100,100,100,10,10,3,3,0,0,0,0,NULL,1,0,NULL,0,219,1,1,2,5,5,12,1597,0,0,0,0,0,0,0,1,1,0,100,1,0,0,0,0,NULL),(3,1,'Yind',NULL,'2022-07-27 13:00:00','138.36.220.39','138.36.220.39','2022-08-07 16:04:01','2022-08-07 16:04:04',14,1515,1,1,1,1,'123',233,122,1,429,1090,21,1,21,2,2,2,0,3,555,555,5555,5555,0,555,100,100,100,100,111,111,3,3,0,0,0,0,NULL,1,0,NULL,0,23,23,23,23,23,23,23,135,0,0,0,0,0,0,0,1,1,0,1,1,0,0,0,0,NULL),(4,1,'Tests',NULL,'2022-07-28 22:29:54','127.0.0.1','127.0.0.1','2022-07-28 22:30:07','2022-07-28 22:30:27',1,0,2,5,12,5,'',0,10,1,712,356,138,366,138,2,2,0,0,4,21,21,30,30,60,60,100,100,100,100,1,2,0,0,NULL,0,0,0,NULL,1,0,NULL,0,0,0,0,0,0,0,0,0,0,0,0,0,0,0,0,1,1,0,0,0,0,0,0,0,NULL),(5,1,'Testss',NULL,'2022-07-28 22:32:38','127.0.0.1','127.0.0.1','2022-07-28 22:32:41','2022-07-28 22:33:01',1,0,1,1,7,1,'',0,10,1,422,1092,1,18,1,2,2,0,0,4,20,20,45,45,60,60,100,100,100,100,1,2,0,0,NULL,0,0,0,NULL,1,0,NULL,0,0,0,0,0,0,0,0,0,0,0,0,0,0,0,0,1,1,0,0,0,0,0,0,0,NULL),(6,1,'Mago',NULL,'2022-07-28 22:33:20','127.0.0.1','127.0.0.1','2022-07-28 22:33:23','2022-07-28 22:35:08',1,0,1,4,1,1,'',0,5,1,420,1091,52,406,52,2,2,0,0,4,18,18,183,183,40,40,100,100,100,100,1,2,0,0,NULL,0,0,0,NULL,1,0,NULL,0,0,0,0,0,0,0,0,0,0,0,0,0,0,0,0,1,1,0,0,0,0,0,0,0,NULL),(7,1,'Guerrero',NULL,'2022-07-28 22:44:59','138.36.220.39','127.0.0.1','2022-08-02 02:27:38','2022-08-02 02:27:47',1,0,1,5,3,1,'',0,10,1,428,1084,52,327,52,63,2,0,0,3,21,21,0,0,40,40,100,100,100,100,1,2,0,0,0,0,0,0,NULL,1,0,NULL,0,0,0,0,0,0,0,0,0,0,0,0,0,0,0,0,1,1,0,0,0,0,0,0,0,NULL),(8,1,'Clerigo',NULL,'2022-07-28 22:45:31','127.0.0.1','127.0.0.1','2022-07-28 22:45:31','2022-07-28 22:45:34',1,0,1,1,2,1,'',0,10,1,428,1083,3,8,3,2,2,0,0,2,20,20,45,45,60,60,100,100,100,100,1,2,0,0,NULL,0,0,0,NULL,1,0,NULL,0,0,0,0,0,0,0,0,0,0,0,0,0,0,0,0,1,1,0,0,0,0,0,0,0,NULL),(9,1,'Traba',NULL,'2022-07-28 22:46:00','127.0.0.1','127.0.0.1','2022-07-28 22:46:00','2022-07-28 22:46:04',1,0,2,5,9,1,'',0,10,1,422,1085,138,366,138,2,2,0,0,4,21,21,0,0,40,40,100,100,100,100,1,2,0,0,NULL,0,0,0,NULL,1,0,NULL,0,0,0,0,0,0,0,0,0,0,0,0,0,0,0,0,1,1,0,0,0,0,0,0,0,NULL),(10,1,'Caza',NULL,'2022-07-28 22:46:22','127.0.0.1','127.0.0.1','2022-07-28 22:46:22','2022-07-28 22:46:28',1,0,1,5,8,1,'',0,10,1,420,1091,52,320,52,2,2,0,0,3,21,21,0,0,40,40,100,100,100,100,1,2,0,0,NULL,0,0,0,NULL,1,0,NULL,0,0,0,0,0,0,0,0,0,0,0,0,0,0,0,0,1,1,0,0,0,0,0,0,0,NULL),(11,1,'asd',NULL,'2022-07-28 22:46:42','127.0.0.1','127.0.0.1','2022-07-28 22:46:42','2022-07-28 22:46:47',1,0,2,1,10,2,'',0,10,1,335,1440,353,60,353,2,2,0,0,4,20,20,0,0,40,40,100,100,100,100,1,2,0,0,NULL,0,0,0,NULL,1,0,NULL,0,0,0,0,0,0,0,0,0,0,0,0,0,0,0,0,1,1,0,0,0,0,0,0,0,NULL),(12,3,'Carlitos',NULL,'2022-07-29 20:01:26','127.0.0.1','127.0.0.1','2022-07-29 20:01:26','2022-07-29 20:01:38',1,0,1,5,3,1,'',0,10,1,420,1091,52,316,52,2,2,0,0,4,21,21,0,0,40,40,100,100,100,100,1,2,0,0,0,0,0,0,NULL,1,0,NULL,0,0,0,0,0,0,0,0,0,0,0,0,0,0,0,0,1,1,0,0,0,0,0,0,0,NULL),(13,4,'Pedrito',NULL,'2022-07-29 21:08:09','127.0.0.1','127.0.0.1','2022-07-29 21:08:09','2022-07-29 21:08:26',1,0,2,1,1,2,'',0,10,1,322,1430,351,64,351,51,2,0,0,2,20,20,150,150,40,40,100,100,100,100,1,2,0,0,0,0,0,0,NULL,1,0,NULL,0,0,0,0,0,0,0,0,0,0,0,0,0,0,0,0,1,1,0,0,0,0,0,0,0,NULL),(14,4,'Susanito',NULL,'2022-07-29 21:49:57','138.36.220.39','138.36.220.39','2022-07-29 21:49:57','2022-07-29 21:51:05',1,0,2,1,1,1,'',94059,10,1,446,1088,351,51,351,2,2,0,0,2,20,20,150,150,60,60,100,100,100,100,1,2,0,0,0,0,0,0,NULL,1,0,NULL,0,0,0,1,2,0,0,0,0,0,0,0,0,0,0,0,1,1,0,100,0,0,0,0,0,NULL),(15,5,'NeoSefirot',NULL,'2022-07-29 22:15:52','37.223.12.108','37.223.12.108','2022-08-10 17:43:59','2022-08-10 17:49:56',31,627424,2,2,7,2,'',9889849,160,1,419,1062,522,160,522,149,2,2,0,3,294,294,50,650,490,490,100,100,100,100,91,92,0,0,0,1,620,1543,NULL,1,0,NULL,0,0,0,0,0,0,0,0,7368,0,0,0,0,0,0,0,1,1,0,0,0,0,0,0,0,NULL),(16,6,'Popper',NULL,'2022-07-30 19:02:48','181.168.105.155','181.168.105.155','2022-08-10 07:46:19','2022-08-10 08:01:32',47,0,2,2,1,1,'',3524060,240,1,854,75,1241,152,586,6,56,2,0,3,332,332,2605,2605,730,730,100,100,100,100,47,48,3,0,0,0,0,0,NULL,1,0,NULL,0,452,1,1,2,0,0,0,1541,0,0,0,0,0,0,0,1,1,0,100,0,0,0,0,0,NULL),(17,7,'tete',NULL,'2022-07-30 21:34:51','138.36.220.39','138.36.220.39','2022-07-30 21:34:51','2022-07-30 21:34:57',1,0,2,1,11,5,'',0,10,1,725,351,353,67,353,2,2,0,0,4,20,20,0,0,40,40,100,100,100,100,1,2,0,0,0,0,0,0,NULL,1,0,NULL,0,0,0,1,2,0,0,0,0,0,0,0,0,0,0,0,1,1,0,100,0,0,0,0,0,NULL),(18,8,'John Arrow',NULL,'2022-07-30 22:46:56','181.229.56.29','181.229.56.29','2022-07-30 23:07:26','2022-07-30 23:12:22',8,4748,1,1,1,2,'',0,44,2,113,61,1,7,1,2,2,0,0,3,64,70,57,486,145,145,100,100,90,100,8,9,0,0,0,0,0,0,NULL,1,0,NULL,0,0,0,0,0,0,0,0,0,1,0,0,0,0,0,0,1,1,0,0,0,0,0,0,0,NULL),(19,8,'Ramsay',NULL,'2022-07-30 22:47:57','181.229.56.29','181.229.56.29','2022-08-01 19:19:51','2022-07-30 23:07:22',1,0,1,1,1,2,'',0,10,1,424,1459,126,4,126,2,2,0,0,1,20,20,150,150,40,40,100,100,100,100,1,2,0,0,0,0,0,0,NULL,1,0,NULL,0,0,0,0,0,0,0,0,0,0,0,0,0,0,0,1,1,1,0,0,0,0,0,0,0,NULL),(20,9,'Zyphril',NULL,'2022-07-30 23:16:42','66.60.33.107','66.60.33.107','2022-07-31 20:19:10','2022-07-31 21:49:23',42,3902412,1,1,1,1,'',10000000,115,1,946,1015,630,4,773,6,13,0,0,3,309,309,2118,2118,655,655,100,100,100,100,42,43,3,0,0,0,0,0,NULL,1,0,NULL,0,25,0,0,0,0,0,1,0,0,0,0,0,0,0,0,1,1,0,0,0,0,0,0,0,NULL),(21,10,'Galak',NULL,'2022-07-31 00:31:13','181.47.192.168','181.47.192.168','2022-07-31 22:10:17','2022-07-31 22:11:53',14,110,2,2,5,1,'',5000000,70,1,425,1087,322,156,322,2,2,0,0,4,320,320,2200,2200,235,235,100,100,100,100,27,28,0,0,0,0,0,0,NULL,1,0,NULL,0,7,0,1,2,0,0,0,0,0,0,0,0,0,0,0,1,1,0,100,0,0,0,0,0,NULL),(22,10,'Galaksito',NULL,'2022-07-31 15:08:56','181.47.192.168','181.47.192.168','2022-07-31 15:08:56','2022-07-31 20:55:55',23,267479,1,2,8,1,'',10095,120,1,400,1061,126,111,1202,118,89,0,0,4,217,217,0,0,370,370,55,100,70,100,67,68,0,0,0,0,0,0,NULL,1,0,NULL,0,78,0,1,2,0,0,0,0,0,0,0,0,0,0,0,1,1,0,100,0,0,0,0,0,NULL),(23,6,'TRE',NULL,'2022-07-31 18:53:27','181.168.105.155','181.168.105.155','2022-08-02 05:39:17','2022-08-02 05:59:03',8,4203,2,2,1,1,'',0,31,1,424,1095,353,177,353,51,2,2,0,4,64,64,538,538,165,165,70,100,50,100,8,9,0,0,0,0,0,0,NULL,1,0,NULL,0,1,0,1,2,0,0,0,0,0,0,0,0,0,0,0,1,1,0,100,0,0,0,0,0,NULL),(24,11,'chicken',NULL,'2022-07-31 19:00:55','181.171.241.61','181.171.241.61','2022-07-31 19:42:03','2022-07-31 19:46:23',47,0,2,1,1,1,'',0,240,13,38,32,92,74,92,6,54,0,0,2,349,349,2358,2358,730,730,100,100,100,100,47,48,0,0,0,0,0,0,NULL,1,0,NULL,0,1,0,0,0,0,0,0,0,0,0,0,0,0,0,0,1,1,0,0,0,0,0,0,0,NULL),(25,12,'Moon',NULL,'2022-07-31 21:43:44','83.50.13.65','83.50.13.65','2022-08-01 00:41:01','2022-08-01 01:49:13',41,10057760,2,4,1,5,'',10000000,200,10,19,140,611,454,611,2,2,0,0,1,255,255,2333,2503,660,660,100,100,90,100,41,42,0,0,0,0,0,0,NULL,1,0,NULL,0,0,0,1,2,0,0,1,0,0,0,0,0,0,0,0,1,1,0,100,0,0,0,0,0,NULL),(26,13,'Quetzacoatl',NULL,'2022-08-01 15:34:24','186.57.132.232','186.57.132.232','2022-08-03 18:51:29','2022-08-03 18:51:32',13,3244,2,5,3,1,'',0,70,30,25,24,829,366,829,2,2,2,0,3,0,147,0,0,0,240,80,100,60,100,37,38,0,0,0,0,0,0,NULL,1,0,NULL,0,13,0,0,0,0,0,3,203,0,0,0,0,0,0,0,1,1,0,0,0,0,0,0,0,NULL),(27,14,'NeoRanger',NULL,'2022-08-01 16:07:36','190.49.16.69','190.49.83.120','2022-08-07 23:00:40','2022-08-07 23:03:31',18,78079,1,1,7,2,'',2800,69,1,324,1432,1202,4,1202,135,89,36,0,3,175,175,351,351,315,315,80,100,80,100,52,53,0,0,0,0,0,0,NULL,1,0,NULL,0,98,0,1,2,0,0,1,1866,0,0,0,0,0,0,0,1,1,0,100,0,0,0,0,0,NULL),(28,13,'Azcaetl',NULL,'2022-08-01 16:10:55','186.57.251.134','186.57.251.134','2022-08-09 02:09:21','2022-08-09 02:13:03',26,184674,2,2,3,2,'',13573,100,1,422,1099,1202,152,1202,118,89,36,0,3,261,261,0,0,415,415,80,100,80,100,76,77,0,0,0,0,0,0,NULL,1,0,NULL,0,252,0,1,2,2,0,3,20266,0,0,0,0,0,0,0,1,1,0,100,0,0,0,0,0,NULL),(29,15,'Zaratustra',NULL,'2022-08-01 17:49:58','181.229.68.252','181.229.68.252','2022-08-08 02:33:30','2022-08-08 02:34:20',13,21614,1,2,7,2,'',0,70,1,408,1093,510,103,510,2,2,2,0,2,123,126,290,290,0,220,70,100,70,100,37,38,0,0,0,0,0,0,NULL,1,0,NULL,0,38,0,0,0,1,0,1,804,0,0,0,0,0,0,0,1,1,0,0,0,0,0,0,0,NULL),(30,5,'Sergio',NULL,'2022-08-08 21:06:19','37.223.12.108','37.223.12.108','2022-08-09 10:31:58','2022-08-09 10:34:17',10,8600,1,1,7,2,'',0,37,1,330,1373,1,4,1,1,2,2,0,3,108,108,155,207,195,195,50,100,100,100,28,29,0,0,0,0,620,1543,NULL,1,0,NULL,0,10,0,0,0,3,0,4,1362,0,0,0,0,0,0,0,1,1,0,0,0,0,0,0,0,NULL),(31,16,'manuel',NULL,'2022-08-10 07:39:40','181.168.105.155','181.168.105.155','2022-08-10 07:39:40','2022-08-10 07:39:53',1,0,1,2,1,5,'',0,10,1,719,355,1,119,1,2,2,2,0,3,19,19,167,167,60,60,100,100,100,100,1,2,0,0,0,0,0,0,NULL,1,0,NULL,0,0,0,1,2,0,0,0,41,0,0,0,0,0,0,0,1,1,0,100,0,0,0,0,0,NULL),(32,17,'rotito',NULL,'2022-08-11 00:36:15','127.0.0.1','127.0.0.1','2022-10-02 23:34:55','2022-10-02 23:37:24',41,19074863,1,1,2,1,'',0,120,1,949,1013,21,18,21,2,2,2,0,3,2497,20000,45,1485,0,660,20,100,0,100,81,82,0,0,0,0,0,0,NULL,1,0,NULL,0,0,1,0,0,1,0,1,1654,0,0,0,0,0,0,0,1,1,0,0,0,0,0,0,0,NULL),(33,17,'HarThaoS',NULL,'2022-08-17 02:06:23','127.0.0.1','127.0.0.1','2022-10-17 13:56:42','2022-10-17 14:22:41',47,0,1,1,1,1,'',0,10,1,317,1433,126,4,126,2,2,2,0,4,32000,32000,32000,32000,32000,32000,100,100,100,100,1,2,0,0,0,0,0,0,NULL,1,0,NULL,0,0,0,0,0,0,1,1,1229,0,0,0,0,0,0,0,1,1,0,0,0,0,0,0,0,NULL),(34,17,'Tercero',NULL,'2022-08-17 02:28:24','127.0.0.1','127.0.0.1','2022-08-22 23:59:04','2022-08-22 23:59:07',1,0,1,6,1,2,'',0,10,1,946,1011,1,526,1,2,2,2,0,4,20,20,133,133,40,40,100,100,100,100,1,2,0,0,0,0,0,0,NULL,1,0,NULL,0,0,0,0,0,0,0,0,1,0,0,0,0,0,0,0,1,1,0,0,0,0,0,0,0,NULL);
/*!40000 ALTER TABLE `character` ENABLE KEYS */;
UNLOCK TABLES;

--
-- Table structure for table `character_achievement`
--

DROP TABLE IF EXISTS `character_achievement`;
/*!40101 SET @saved_cs_client     = @@character_set_client */;
/*!50503 SET character_set_client = utf8mb4 */;
CREATE TABLE `character_achievement` (
  `character_id` int unsigned NOT NULL,
  `achievement_id` int unsigned NOT NULL,
  `created_at` timestamp NOT NULL DEFAULT CURRENT_TIMESTAMP,
  PRIMARY KEY (`character_id`,`achievement_id`),
  KEY `fk_character_achievement_character1_idx` (`character_id`),
  KEY `fk_character_achievement_achievement1_idx` (`achievement_id`)
) ENGINE=InnoDB DEFAULT CHARSET=utf8mb3;
/*!40101 SET character_set_client = @saved_cs_client */;

--
-- Dumping data for table `character_achievement`
--

LOCK TABLES `character_achievement` WRITE;
/*!40000 ALTER TABLE `character_achievement` DISABLE KEYS */;
/*!40000 ALTER TABLE `character_achievement` ENABLE KEYS */;
UNLOCK TABLES;

--
-- Table structure for table `character_event_log`
--

DROP TABLE IF EXISTS `character_event_log`;
/*!40101 SET @saved_cs_client     = @@character_set_client */;
/*!50503 SET character_set_client = utf8mb4 */;
CREATE TABLE `character_event_log` (
  `id` bigint unsigned NOT NULL AUTO_INCREMENT,
  `character_id` int unsigned NOT NULL,
  `event_type_id` int unsigned NOT NULL,
  `created_at` timestamp NOT NULL DEFAULT CURRENT_TIMESTAMP,
  `description` varchar(250) NOT NULL,
  `entity_id` int unsigned DEFAULT NULL,
  `amount` int unsigned DEFAULT NULL,
  `value` int unsigned DEFAULT NULL,
  PRIMARY KEY (`id`),
  KEY `fk_character_log_event_character1_idx` (`character_id`)
) ENGINE=InnoDB AUTO_INCREMENT=42 DEFAULT CHARSET=utf8mb3;
/*!40101 SET character_set_client = @saved_cs_client */;

--
-- Dumping data for table `character_event_log`
--

LOCK TABLES `character_event_log` WRITE;
/*!40000 ALTER TABLE `character_event_log` DISABLE KEYS */;
INSERT INTO `character_event_log` VALUES (1,2,12,'2022-08-02 17:07:27','Matadracos',400,1,0),(2,2,9,'2022-08-02 17:07:27','El Yind mata Gran DragC3n Negro en 13,77,84',400,1,0),(3,2,11,'2022-08-02 19:12:23','Lvl: 26, HP: 8',0,26,0),(4,2,11,'2022-08-02 19:12:23','Lvl: 27, HP: 6',0,27,0),(5,2,11,'2022-08-02 19:12:23','Lvl: 28, HP: 9',0,28,0),(6,28,11,'2022-08-03 00:56:07','Lvl: 22, HP: 8',0,22,0),(7,28,1,'2022-08-03 01:04:10','Pos: 3,131,26',12,10000,10000),(8,28,1,'2022-08-03 01:04:12','Pos: 3,133,26',12,10000,10000),(9,28,11,'2022-08-03 01:05:50','Lvl: 23, HP: 10',0,23,0),(10,28,11,'2022-08-03 20:21:43','Lvl: 24, HP: 11',0,24,0),(11,28,11,'2022-08-03 20:55:55','Lvl: 25, HP: 11',0,25,0),(12,28,1,'2022-08-03 21:08:09','Pos: 9,129,237',12,10000,10000),(13,28,1,'2022-08-03 21:08:12','Pos: 9,130,237',12,10000,10000),(14,28,1,'2022-08-03 21:08:13','Pos: 9,131,238',12,10000,10000),(15,28,1,'2022-08-03 21:08:13','Pos: 9,131,237',12,10000,10000),(16,27,11,'2022-08-04 16:53:23','Lvl: 18, HP: 11',0,18,0),(17,28,11,'2022-08-05 01:55:04','Lvl: 26, HP: 10',0,26,0),(18,30,11,'2022-08-08 21:52:13','Lvl: 2, HP: 31 +11',0,2,0),(19,30,11,'2022-08-08 21:53:05','Lvl: 3, HP: 42 +11',0,3,0),(20,30,11,'2022-08-08 21:53:10','Lvl: 4, HP: 52 +10',0,4,0),(21,30,11,'2022-08-08 21:53:10','Lvl: 5, HP: 62 +10',0,5,0),(22,30,11,'2022-08-08 21:53:17','Lvl: 6, HP: 72 +10',0,6,0),(23,30,11,'2022-08-08 21:53:19','Lvl: 7, HP: 80 +8',0,7,0),(24,30,11,'2022-08-08 21:53:34','Lvl: 8, HP: 91 +11',0,8,0),(25,30,11,'2022-08-08 21:54:01','Lvl: 9, HP: 100 +9',0,9,0),(26,30,11,'2022-08-08 21:55:01','Lvl: 10, HP: 108 +8',0,10,0),(27,15,6,'2022-08-09 20:11:20','Hilo de Nylon reforzado',3537,1,100000),(28,16,9,'2022-08-10 07:52:48','Popper mata Troll LC:gubre en 1,935,621',1265,1,0),(29,16,9,'2022-08-10 07:52:51','Popper mata Golem de Piedra Mayor en 1,935,620',1266,1,0),(30,16,9,'2022-08-10 07:52:59','Popper mata Troll LC:gubre en 1,933,616',1265,1,0),(31,16,9,'2022-08-10 07:53:03','Popper mata Golem de Piedra Mayor en 1,936,617',1266,1,0),(32,16,9,'2022-08-10 07:56:24','Popper mata Devorador del Inframundo en 14,93,76',571,1,0),(33,16,4,'2022-08-10 07:56:42','TC:nica Enraigada en 14,94,72',1960,2,100000),(34,16,4,'2022-08-10 07:56:44','TC:nica de Archimago (Bajos) en 14,96,72',1958,3,150000),(35,16,4,'2022-08-10 07:56:46','Armadura del Trotamundos (Bajos) en 14,97,72',3050,2,100000),(36,16,4,'2022-08-10 07:56:47','AtavC-o de Tyrell (Bajos) en 14,99,72',3049,1,50000),(37,16,4,'2022-08-10 07:57:21','Coraza de Ocre (Bajos) en 14,101,71',1836,1,50000),(38,16,4,'2022-08-10 07:57:33','Alfanje en 14,104,72',1865,1,50000),(39,16,9,'2022-08-10 07:59:54','Popper mata Golem Infernal en 14,44,38',944,1,0),(40,32,11,'2022-08-17 02:08:32','Lvl: 2, HP: 26 +6',0,2,0),(41,33,11,'2022-08-23 00:08:36','Lvl: 2, HP: 32000 +5',0,2,0);
/*!40000 ALTER TABLE `character_event_log` ENABLE KEYS */;
UNLOCK TABLES;

--
-- Table structure for table `character_inventory`
--

DROP TABLE IF EXISTS `character_inventory`;
/*!40101 SET @saved_cs_client     = @@character_set_client */;
/*!50503 SET character_set_client = utf8mb4 */;
CREATE TABLE `character_inventory` (
  `character_id` int unsigned NOT NULL,
  `object_id` int unsigned NOT NULL,
  `position` tinyint unsigned NOT NULL,
  `amount` int unsigned NOT NULL,
  `equipped` tinyint unsigned NOT NULL,
  PRIMARY KEY (`position`,`character_id`),
  KEY `fk_character_inventory_character1_idx` (`character_id`),
  KEY `fk_character_inventory_object1_idx` (`object_id`)
) ENGINE=InnoDB DEFAULT CHARSET=utf8mb3;
/*!40101 SET character_set_client = @saved_cs_client */;

--
-- Dumping data for table `character_inventory`
--

LOCK TABLES `character_inventory` WRITE;
/*!40000 ALTER TABLE `character_inventory` DISABLE KEYS */;
INSERT INTO `character_inventory` VALUES (2,503,1,1,1),(3,0,1,0,0),(4,1616,1,200,0),(5,1616,1,200,0),(6,1616,1,200,0),(7,1616,1,200,0),(8,1616,1,200,0),(9,1616,1,200,0),(10,1616,1,200,0),(11,1616,1,200,0),(12,1616,1,200,0),(13,1616,1,200,0),(14,1616,1,200,0),(15,479,1,1,0),(16,38,1,5106,0),(17,1616,1,200,0),(18,1616,1,200,0),(19,1616,1,200,0),(20,38,1,9940,0),(21,3002,1,1,1),(22,1867,1,1,1),(23,1616,1,184,0),(24,1566,1,1,1),(25,195,1,1,1),(26,0,1,0,0),(27,32,1,1,0),(28,401,1,1,0),(29,0,1,0,0),(30,1616,1,182,0),(31,1616,1,200,0),(32,0,1,0,0),(33,1616,1,200,0),(34,1616,1,200,0),(2,1812,2,1,0),(3,0,2,0,0),(4,1617,2,100,0),(5,1617,2,100,0),(6,1617,2,300,0),(7,1618,2,50,0),(8,1617,2,100,0),(9,1618,2,50,0),(10,1618,2,50,0),(11,1618,2,50,0),(12,1618,2,50,0),(13,1617,2,300,0),(14,1617,2,300,0),(15,3537,2,1,0),(16,37,2,3597,0),(17,1618,2,50,0),(18,1617,2,300,0),(19,1617,2,300,0),(20,38,2,9999,0),(21,0,2,0,0),(22,15,2,1,0),(23,1617,2,300,0),(24,1743,2,1,1),(25,0,2,0,0),(26,0,2,0,0),(27,15,2,1,0),(28,1778,2,1,1),(29,0,2,0,0),(30,1617,2,89,0),(31,1617,2,300,0),(32,0,2,0,0),(33,1617,2,297,0),(34,1617,2,300,0),(2,381,3,1,0),(3,0,3,0,0),(4,1618,3,50,0),(5,1618,3,50,0),(6,2332,3,20,0),(7,1619,3,25,0),(8,1618,3,50,0),(9,1619,3,25,0),(10,1619,3,25,0),(11,1619,3,25,0),(12,1619,3,25,0),(13,2332,3,20,0),(14,2332,3,20,0),(15,138,3,1,0),(16,0,3,0,0),(17,1619,3,25,0),(18,2332,3,20,0),(19,2332,3,20,0),(20,38,3,10000,0),(21,0,3,0,0),(22,480,3,781,1),(23,2332,3,20,0),(24,1788,3,1,1),(25,0,3,0,0),(26,0,3,0,0),(27,1778,3,1,1),(28,127,3,1,0),(29,0,3,0,0),(30,1618,3,50,0),(31,2332,3,20,0),(32,0,3,0,0),(33,2332,3,20,0),(34,2332,3,20,0),(2,1333,4,1,0),(3,0,4,0,0),(4,1619,4,25,0),(5,1619,4,25,0),(6,1356,4,1,0),(7,2332,4,20,0),(8,1619,4,25,0),(9,2332,4,20,0),(10,2332,4,20,0),(11,2332,4,20,0),(12,2332,4,20,0),(13,1356,4,1,1),(14,1356,4,1,0),(15,2183,4,1,0),(16,36,4,2715,0),(17,2332,4,20,0),(18,1356,4,1,0),(19,1356,4,1,0),(20,1788,4,9999,1),(21,0,4,0,0),(22,35,4,1,0),(23,1356,4,1,1),(24,0,4,0,0),(25,0,4,0,0),(26,0,4,0,0),(27,401,4,1,1),(28,1700,4,5,1),(29,0,4,0,0),(30,1619,4,25,0),(31,1356,4,1,0),(32,0,4,0,0),(33,1356,4,1,0),(34,1356,4,1,0),(2,474,5,1,0),(3,0,5,0,0),(4,2332,5,20,0),(5,2332,5,20,0),(6,466,5,1,1),(7,460,5,1,0),(8,2332,5,20,0),(9,460,5,1,0),(10,460,5,1,0),(11,460,5,1,0),(12,460,5,1,0),(13,1283,5,1,1),(14,1283,5,1,1),(15,881,5,1,1),(16,39,5,5953,0),(17,460,5,1,0),(18,463,5,1,1),(19,464,5,1,1),(20,992,5,1,1),(21,0,5,0,0),(22,161,5,9,0),(23,1285,5,1,1),(24,0,5,0,0),(25,0,5,0,0),(26,0,5,0,0),(27,30,5,1,1),(28,58,5,240,0),(29,0,5,0,0),(30,2332,5,20,0),(31,463,5,1,1),(32,0,5,0,0),(33,464,5,1,1),(34,463,5,1,1),(2,891,6,233,0),(3,0,6,0,0),(4,460,6,1,0),(5,460,6,1,0),(6,573,6,100,0),(7,2085,6,1,0),(8,460,6,1,0),(9,2085,6,1,0),(10,1355,6,1,0),(11,2085,6,1,0),(12,2085,6,1,0),(13,573,6,100,0),(14,573,6,100,0),(15,0,6,0,0),(16,474,6,1,0),(17,1354,6,1,0),(18,573,6,100,0),(19,573,6,100,0),(20,1745,6,1,0),(21,0,6,0,0),(22,26,6,9,0),(23,573,6,100,0),(24,0,6,0,0),(25,0,6,0,0),(26,0,6,0,0),(27,1700,6,1,1),(28,3325,6,1,0),(29,0,6,0,0),(30,460,6,1,0),(31,573,6,100,0),(32,0,6,0,0),(33,573,6,100,0),(34,573,6,100,0),(2,9,7,14,1),(3,0,7,0,0),(4,1354,7,1,0),(5,2085,7,1,0),(6,572,7,100,0),(7,466,7,1,1),(8,2085,7,1,0),(9,563,7,1,1),(10,1357,7,300,0),(11,1285,7,1,1),(12,466,7,1,1),(13,572,7,100,0),(14,572,7,100,0),(15,0,7,0,0),(16,0,7,0,0),(17,1285,7,1,1),(18,572,7,100,0),(19,572,7,100,0),(20,37,7,9674,0),(21,0,7,0,0),(22,38,7,50,0),(23,572,7,100,0),(24,0,7,0,0),(25,0,7,0,0),(26,0,7,0,0),(27,160,7,48,0),(28,38,7,1618,0),(29,0,7,0,0),(30,2085,7,1,1),(31,572,7,100,0),(32,0,7,0,0),(33,572,7,100,0),(34,572,7,100,0),(2,881,8,1,0),(3,0,8,0,0),(4,563,8,1,1),(5,463,8,1,1),(6,0,8,0,0),(7,573,8,100,0),(8,465,8,1,1),(9,573,8,100,0),(10,466,8,1,1),(11,573,8,100,0),(12,573,8,100,0),(13,0,8,0,0),(14,0,8,0,0),(15,0,8,0,0),(16,1932,8,1,0),(17,573,8,100,0),(18,0,8,0,0),(19,0,8,0,0),(20,37,8,9935,0),(21,0,8,0,0),(22,0,8,0,0),(23,0,8,0,0),(24,0,8,0,0),(25,0,8,0,0),(26,0,8,0,0),(27,26,8,25,0),(28,39,8,193,0),(29,0,8,0,0),(30,463,8,1,1),(31,0,8,0,0),(32,0,8,0,0),(33,403,8,1,0),(34,0,8,0,0),(2,2101,9,6,0),(3,0,9,0,0),(4,573,9,100,0),(5,573,9,100,0),(6,0,9,0,0),(7,572,9,100,0),(8,573,9,100,0),(9,572,9,100,0),(10,573,9,100,0),(11,572,9,100,0),(12,572,9,100,0),(13,0,9,0,0),(14,0,9,0,0),(15,0,9,0,0),(16,1935,9,1,0),(17,572,9,100,0),(18,0,9,0,0),(19,0,9,0,0),(20,37,9,10000,0),(21,0,9,0,0),(22,166,9,6,0),(23,0,9,0,0),(24,0,9,0,0),(25,0,9,0,0),(26,0,9,0,0),(27,881,9,1,0),(28,36,9,87,0),(29,0,9,0,0),(30,573,9,96,0),(31,0,9,0,0),(32,0,9,0,0),(33,0,9,0,0),(34,0,9,0,0),(2,2089,10,16,0),(3,0,10,0,0),(4,572,10,100,0),(5,572,10,100,0),(6,0,10,0,0),(7,0,10,0,0),(8,572,10,100,0),(9,0,10,0,0),(10,572,10,100,0),(11,0,10,0,0),(12,0,10,0,0),(13,0,10,0,0),(14,0,10,0,0),(15,0,10,0,0),(16,1937,10,1,1),(17,0,10,0,0),(18,0,10,0,0),(19,0,10,0,0),(20,1810,10,1,0),(21,0,10,0,0),(22,30,10,1,1),(23,0,10,0,0),(24,0,10,0,0),(25,0,10,0,0),(26,0,10,0,0),(27,2183,10,10,0),(28,166,10,63,0),(29,0,10,0,0),(30,572,10,96,0),(31,0,10,0,0),(32,0,10,0,0),(33,474,10,1,0),(34,0,10,0,0),(2,0,11,0,0),(3,0,11,0,0),(4,0,11,0,0),(5,0,11,0,0),(6,0,11,0,0),(7,0,11,0,0),(8,0,11,0,0),(9,0,11,0,0),(10,0,11,0,0),(11,0,11,0,0),(12,0,11,0,0),(13,0,11,0,0),(14,0,11,0,0),(15,0,11,0,0),(16,1933,11,1,0),(17,0,11,0,0),(18,0,11,0,0),(19,0,11,0,0),(20,1828,11,1,0),(21,0,11,0,0),(22,1778,11,1,1),(23,0,11,0,0),(24,0,11,0,0),(25,0,11,0,0),(26,0,11,0,0),(27,2101,11,4,0),(28,480,11,4822,1),(29,0,11,0,0),(30,0,11,0,0),(31,0,11,0,0),(32,0,11,0,0),(33,0,11,0,0),(34,0,11,0,0),(2,0,12,0,0),(3,0,12,0,0),(4,0,12,0,0),(5,0,12,0,0),(6,0,12,0,0),(7,0,12,0,0),(8,0,12,0,0),(9,0,12,0,0),(10,0,12,0,0),(11,0,12,0,0),(12,0,12,0,0),(13,0,12,0,0),(14,0,12,0,0),(15,0,12,0,0),(16,2194,12,1,0),(17,0,12,0,0),(18,0,12,0,0),(19,0,12,0,0),(20,1959,12,1,0),(21,0,12,0,0),(22,1700,12,1,1),(23,0,12,0,0),(24,0,12,0,0),(25,0,12,0,0),(26,0,12,0,0),(27,2093,12,2,0),(28,30,12,1,1),(29,0,12,0,0),(30,0,12,0,0),(31,0,12,0,0),(32,0,12,0,0),(33,0,12,0,0),(34,0,12,0,0),(2,0,13,0,0),(3,0,13,0,0),(4,0,13,0,0),(5,0,13,0,0),(6,0,13,0,0),(7,0,13,0,0),(8,0,13,0,0),(9,0,13,0,0),(10,0,13,0,0),(11,0,13,0,0),(12,0,13,0,0),(13,0,13,0,0),(14,0,13,0,0),(15,0,13,0,0),(16,513,13,1,0),(17,0,13,0,0),(18,0,13,0,0),(19,0,13,0,0),(20,1797,13,9999,0),(21,0,13,0,0),(22,0,13,0,0),(23,0,13,0,0),(24,0,13,0,0),(25,0,13,0,0),(26,0,13,0,0),(27,2089,13,6,0),(28,1867,13,1,1),(29,0,13,0,0),(30,0,13,0,0),(31,0,13,0,0),(32,0,13,0,0),(33,0,13,0,0),(34,0,13,0,0),(2,0,14,0,0),(3,0,14,0,0),(4,0,14,0,0),(5,0,14,0,0),(6,0,14,0,0),(7,0,14,0,0),(8,0,14,0,0),(9,0,14,0,0),(10,0,14,0,0),(11,0,14,0,0),(12,0,14,0,0),(13,0,14,0,0),(14,0,14,0,0),(15,0,14,0,0),(16,0,14,0,0),(17,0,14,0,0),(18,0,14,0,0),(19,0,14,0,0),(20,357,14,2,1),(21,0,14,0,0),(22,0,14,0,0),(23,0,14,0,0),(24,0,14,0,0),(25,0,14,0,0),(26,0,14,0,0),(27,0,14,0,0),(28,0,14,0,0),(29,0,14,0,0),(30,0,14,0,0),(31,0,14,0,0),(32,0,14,0,0),(33,0,14,0,0),(34,0,14,0,0),(2,0,15,0,0),(3,0,15,0,0),(4,0,15,0,0),(5,0,15,0,0),(6,0,15,0,0),(7,0,15,0,0),(8,0,15,0,0),(9,0,15,0,0),(10,0,15,0,0),(11,0,15,0,0),(12,0,15,0,0),(13,0,15,0,0),(14,0,15,0,0),(15,0,15,0,0),(16,1745,15,1,1),(17,0,15,0,0),(18,0,15,0,0),(19,0,15,0,0),(20,26,15,10000,0),(21,0,15,0,0),(22,0,15,0,0),(23,0,15,0,0),(24,0,15,0,0),(25,0,15,0,0),(26,0,15,0,0),(27,0,15,0,0),(28,0,15,0,0),(29,0,15,0,0),(30,0,15,0,0),(31,0,15,0,0),(32,0,15,0,0),(33,0,15,0,0),(34,0,15,0,0),(2,0,16,0,0),(3,0,16,0,0),(4,0,16,0,0),(5,0,16,0,0),(6,0,16,0,0),(7,0,16,0,0),(8,0,16,0,0),(9,0,16,0,0),(10,0,16,0,0),(11,0,16,0,0),(12,0,16,0,0),(13,0,16,0,0),(14,0,16,0,0),(15,0,16,0,0),(16,3525,16,1,0),(17,0,16,0,0),(18,0,16,0,0),(19,0,16,0,0),(20,160,16,10000,0),(21,0,16,0,0),(22,0,16,0,0),(23,0,16,0,0),(24,0,16,0,0),(25,0,16,0,0),(26,0,16,0,0),(27,0,16,0,0),(28,0,16,0,0),(29,0,16,0,0),(30,0,16,0,0),(31,0,16,0,0),(32,0,16,0,0),(33,0,16,0,0),(34,0,16,0,0),(2,0,17,0,0),(3,0,17,0,0),(4,0,17,0,0),(5,0,17,0,0),(6,0,17,0,0),(7,0,17,0,0),(8,0,17,0,0),(9,0,17,0,0),(10,0,17,0,0),(11,0,17,0,0),(12,0,17,0,0),(13,0,17,0,0),(14,0,17,0,0),(15,0,17,0,0),(16,1737,17,1,0),(17,0,17,0,0),(18,0,17,0,0),(19,0,17,0,0),(20,1737,17,1,0),(21,0,17,0,0),(22,0,17,0,0),(23,0,17,0,0),(24,0,17,0,0),(25,0,17,0,0),(26,0,17,0,0),(27,0,17,0,0),(28,0,17,0,0),(29,0,17,0,0),(30,0,17,0,0),(31,0,17,0,0),(32,0,17,0,0),(33,0,17,0,0),(34,0,17,0,0),(2,0,18,0,0),(3,0,18,0,0),(4,0,18,0,0),(5,0,18,0,0),(6,0,18,0,0),(7,0,18,0,0),(8,0,18,0,0),(9,0,18,0,0),(10,0,18,0,0),(11,0,18,0,0),(12,0,18,0,0),(13,0,18,0,0),(14,0,18,0,0),(15,0,18,0,0),(16,1736,18,1,0),(17,0,18,0,0),(18,0,18,0,0),(19,0,18,0,0),(20,1830,18,1,0),(21,0,18,0,0),(22,0,18,0,0),(23,0,18,0,0),(24,0,18,0,0),(25,0,18,0,0),(26,0,18,0,0),(27,0,18,0,0),(28,26,18,22,0),(29,0,18,0,0),(30,0,18,0,0),(31,0,18,0,0),(32,0,18,0,0),(33,0,18,0,0),(34,0,18,0,0),(2,0,19,0,0),(3,0,19,0,0),(4,0,19,0,0),(5,0,19,0,0),(6,0,19,0,0),(7,0,19,0,0),(8,0,19,0,0),(9,0,19,0,0),(10,0,19,0,0),(11,0,19,0,0),(12,0,19,0,0),(13,0,19,0,0),(14,0,19,0,0),(15,408,19,1,0),(16,402,19,835,0),(17,0,19,0,0),(18,0,19,0,0),(19,0,19,0,0),(20,402,19,87,0),(21,0,19,0,0),(22,0,19,0,0),(23,0,19,0,0),(24,0,19,0,0),(25,0,19,0,0),(26,0,19,0,0),(27,0,19,0,0),(28,0,19,0,0),(29,0,19,0,0),(30,0,19,0,0),(31,0,19,0,0),(32,0,19,0,0),(33,0,19,0,0),(34,0,19,0,0),(2,0,20,0,0),(3,0,20,0,0),(4,0,20,0,0),(5,0,20,0,0),(6,0,20,0,0),(7,0,20,0,0),(8,0,20,0,0),(9,0,20,0,0),(10,0,20,0,0),(11,0,20,0,0),(12,0,20,0,0),(13,0,20,0,0),(14,0,20,0,0),(15,0,20,0,0),(16,1788,20,1,1),(17,0,20,0,0),(18,0,20,0,0),(19,0,20,0,0),(20,2721,20,1000,0),(21,0,20,0,0),(22,0,20,0,0),(23,0,20,0,0),(24,0,20,0,0),(25,0,20,0,0),(26,0,20,0,0),(27,0,20,0,0),(28,0,20,0,0),(29,0,20,0,0),(30,0,20,0,0),(31,0,20,0,0),(32,0,20,0,0),(33,0,20,0,0),(34,0,20,0,0),(2,0,21,0,0),(3,0,21,0,0),(4,0,21,0,0),(5,0,21,0,0),(6,0,21,0,0),(7,0,21,0,0),(8,0,21,0,0),(9,0,21,0,0),(10,0,21,0,0),(11,0,21,0,0),(12,0,21,0,0),(13,0,21,0,0),(14,0,21,0,0),(15,0,21,0,0),(16,1959,21,2,0),(17,0,21,0,0),(18,0,21,0,0),(19,0,21,0,0),(20,889,21,963,0),(21,0,21,0,0),(22,0,21,0,0),(23,0,21,0,0),(24,0,21,0,0),(25,0,21,0,0),(26,0,21,0,0),(27,0,21,0,0),(28,0,21,0,0),(29,0,21,0,0),(30,0,21,0,0),(31,0,21,0,0),(32,0,21,0,0),(33,0,21,0,0),(34,0,21,0,0),(2,0,22,0,0),(3,0,22,0,0),(4,0,22,0,0),(5,0,22,0,0),(6,0,22,0,0),(7,0,22,0,0),(8,0,22,0,0),(9,0,22,0,0),(10,0,22,0,0),(11,0,22,0,0),(12,0,22,0,0),(13,0,22,0,0),(14,0,22,0,0),(15,0,22,0,0),(16,2879,22,1,0),(17,0,22,0,0),(18,0,22,0,0),(19,0,22,0,0),(20,1808,22,2,0),(21,0,22,0,0),(22,0,22,0,0),(23,0,22,0,0),(24,0,22,0,0),(25,0,22,0,0),(26,0,22,0,0),(27,0,22,0,0),(28,0,22,0,0),(29,0,22,0,0),(30,0,22,0,0),(31,0,22,0,0),(32,0,22,0,0),(33,0,22,0,0),(34,0,22,0,0),(2,0,23,0,0),(3,0,23,0,0),(4,0,23,0,0),(5,0,23,0,0),(6,0,23,0,0),(7,0,23,0,0),(8,0,23,0,0),(9,0,23,0,0),(10,0,23,0,0),(11,0,23,0,0),(12,0,23,0,0),(13,0,23,0,0),(14,0,23,0,0),(15,0,23,0,0),(16,1954,23,1,0),(17,0,23,0,0),(18,0,23,0,0),(19,0,23,0,0),(20,519,23,2,0),(21,0,23,0,0),(22,0,23,0,0),(23,0,23,0,0),(24,0,23,0,0),(25,0,23,0,0),(26,0,23,0,0),(27,0,23,0,0),(28,533,23,1,0),(29,0,23,0,0),(30,0,23,0,0),(31,0,23,0,0),(32,0,23,0,0),(33,0,23,0,0),(34,0,23,0,0),(2,0,24,0,0),(3,0,24,0,0),(4,0,24,0,0),(5,0,24,0,0),(6,0,24,0,0),(7,0,24,0,0),(8,0,24,0,0),(9,0,24,0,0),(10,0,24,0,0),(11,0,24,0,0),(12,0,24,0,0),(13,0,24,0,0),(14,0,24,0,0),(15,0,24,0,0),(16,1738,24,1,0),(17,0,24,0,0),(18,0,24,0,0),(19,0,24,0,0),(20,3256,24,1,0),(21,0,24,0,0),(22,0,24,0,0),(23,0,24,0,0),(24,0,24,0,0),(25,0,24,0,0),(26,0,24,0,0),(27,0,24,0,0),(28,43,24,119,0),(29,0,24,0,0),(30,0,24,0,0),(31,0,24,0,0),(32,0,24,0,0),(33,0,24,0,0),(34,0,24,0,0),(2,0,25,0,0),(3,0,25,0,0),(4,0,25,0,0),(5,0,25,0,0),(6,0,25,0,0),(7,0,25,0,0),(8,0,25,0,0),(9,0,25,0,0),(10,0,25,0,0),(11,0,25,0,0),(12,0,25,0,0),(13,0,25,0,0),(14,0,25,0,0),(15,0,25,0,0),(16,1816,25,44,0),(17,0,25,0,0),(18,0,25,0,0),(19,0,25,0,0),(20,3258,25,1,0),(21,0,25,0,0),(22,0,25,0,0),(23,0,25,0,0),(24,0,25,0,0),(25,0,25,0,0),(26,0,25,0,0),(27,0,25,0,0),(28,0,25,0,0),(29,0,25,0,0),(30,0,25,0,0),(31,0,25,0,0),(32,0,25,0,0),(33,0,25,0,0),(34,0,25,0,0),(2,0,26,0,0),(3,0,26,0,0),(4,0,26,0,0),(5,0,26,0,0),(6,0,26,0,0),(7,0,26,0,0),(8,0,26,0,0),(9,0,26,0,0),(10,0,26,0,0),(11,0,26,0,0),(12,0,26,0,0),(13,0,26,0,0),(14,0,26,0,0),(15,0,26,0,0),(16,40,26,1,0),(17,0,26,0,0),(18,0,26,0,0),(19,0,26,0,0),(20,239,26,1,0),(21,0,26,0,0),(22,0,26,0,0),(23,0,26,0,0),(24,0,26,0,0),(25,0,26,0,0),(26,0,26,0,0),(27,0,26,0,0),(28,0,26,0,0),(29,0,26,0,0),(30,0,26,0,0),(31,0,26,0,0),(32,0,26,0,0),(33,0,26,0,0),(34,0,26,0,0),(2,0,27,0,0),(3,0,27,0,0),(4,0,27,0,0),(5,0,27,0,0),(6,0,27,0,0),(7,0,27,0,0),(8,0,27,0,0),(9,0,27,0,0),(10,0,27,0,0),(11,0,27,0,0),(12,0,27,0,0),(13,0,27,0,0),(14,0,27,0,0),(15,0,27,0,0),(16,0,27,0,0),(17,0,27,0,0),(18,0,27,0,0),(19,0,27,0,0),(20,2198,27,1,0),(21,0,27,0,0),(22,0,27,0,0),(23,0,27,0,0),(24,0,27,0,0),(25,0,27,0,0),(26,0,27,0,0),(27,0,27,0,0),(28,0,27,0,0),(29,0,27,0,0),(30,0,27,0,0),(31,0,27,0,0),(32,0,27,0,0),(33,0,27,0,0),(34,0,27,0,0),(2,0,28,0,0),(3,0,28,0,0),(4,0,28,0,0),(5,0,28,0,0),(6,0,28,0,0),(7,0,28,0,0),(8,0,28,0,0),(9,0,28,0,0),(10,0,28,0,0),(11,0,28,0,0),(12,0,28,0,0),(13,0,28,0,0),(14,0,28,0,0),(15,0,28,0,0),(16,0,28,0,0),(17,0,28,0,0),(18,0,28,0,0),(19,0,28,0,0),(20,2542,28,1,0),(21,0,28,0,0),(22,0,28,0,0),(23,0,28,0,0),(24,0,28,0,0),(25,0,28,0,0),(26,0,28,0,0),(27,0,28,0,0),(28,0,28,0,0),(29,0,28,0,0),(30,0,28,0,0),(31,0,28,0,0),(32,0,28,0,0),(33,0,28,0,0),(34,0,28,0,0),(2,0,29,0,0),(3,0,29,0,0),(4,0,29,0,0),(5,0,29,0,0),(6,0,29,0,0),(7,0,29,0,0),(8,0,29,0,0),(9,0,29,0,0),(10,0,29,0,0),(11,0,29,0,0),(12,0,29,0,0),(13,0,29,0,0),(14,0,29,0,0),(15,0,29,0,0),(16,0,29,0,0),(17,0,29,0,0),(18,0,29,0,0),(19,0,29,0,0),(20,1961,29,1,0),(21,0,29,0,0),(22,0,29,0,0),(23,0,29,0,0),(24,0,29,0,0),(25,0,29,0,0),(26,0,29,0,0),(27,0,29,0,0),(28,0,29,0,0),(29,0,29,0,0),(30,0,29,0,0),(31,0,29,0,0),(32,0,29,0,0),(33,0,29,0,0),(34,0,29,0,0),(2,0,30,0,0),(3,0,30,0,0),(4,0,30,0,0),(5,0,30,0,0),(6,0,30,0,0),(7,0,30,0,0),(8,0,30,0,0),(9,0,30,0,0),(10,0,30,0,0),(11,0,30,0,0),(12,0,30,0,0),(13,0,30,0,0),(14,0,30,0,0),(15,0,30,0,0),(16,2236,30,529,0),(17,0,30,0,0),(18,0,30,0,0),(19,0,30,0,0),(20,0,30,0,0),(21,0,30,0,0),(22,0,30,0,0),(23,0,30,0,0),(24,0,30,0,0),(25,0,30,0,0),(26,0,30,0,0),(27,0,30,0,0),(28,0,30,0,0),(29,0,30,0,0),(30,0,30,0,0),(31,0,30,0,0),(32,0,30,0,0),(33,0,30,0,0),(34,0,30,0,0),(2,0,31,0,0),(3,0,31,0,0),(4,0,31,0,0),(5,0,31,0,0),(6,0,31,0,0),(7,0,31,0,0),(8,0,31,0,0),(9,0,31,0,0),(10,0,31,0,0),(11,0,31,0,0),(12,0,31,0,0),(13,0,31,0,0),(14,0,31,0,0),(15,0,31,0,0),(16,1218,31,1,0),(17,0,31,0,0),(18,0,31,0,0),(19,0,31,0,0),(20,0,31,0,0),(21,0,31,0,0),(22,0,31,0,0),(23,0,31,0,0),(24,0,31,0,0),(25,0,31,0,0),(26,0,31,0,0),(27,0,31,0,0),(28,0,31,0,0),(29,0,31,0,0),(30,0,31,0,0),(31,0,31,0,0),(32,0,31,0,0),(33,0,31,0,0),(34,0,31,0,0),(2,0,32,0,0),(3,0,32,0,0),(4,0,32,0,0),(5,0,32,0,0),(6,0,32,0,0),(7,0,32,0,0),(8,0,32,0,0),(9,0,32,0,0),(10,0,32,0,0),(11,0,32,0,0),(12,0,32,0,0),(13,0,32,0,0),(14,0,32,0,0),(15,0,32,0,0),(16,1812,32,1,0),(17,0,32,0,0),(18,0,32,0,0),(19,0,32,0,0),(20,0,32,0,0),(21,0,32,0,0),(22,0,32,0,0),(23,0,32,0,0),(24,0,32,0,0),(25,0,32,0,0),(26,0,32,0,0),(27,0,32,0,0),(28,0,32,0,0),(29,0,32,0,0),(30,0,32,0,0),(31,0,32,0,0),(32,0,32,0,0),(33,0,32,0,0),(34,0,32,0,0),(2,0,33,0,0),(3,0,33,0,0),(4,0,33,0,0),(5,0,33,0,0),(6,0,33,0,0),(7,0,33,0,0),(8,0,33,0,0),(9,0,33,0,0),(10,0,33,0,0),(11,0,33,0,0),(12,0,33,0,0),(13,0,33,0,0),(14,0,33,0,0),(15,0,33,0,0),(16,2902,33,1,0),(17,0,33,0,0),(18,0,33,0,0),(19,0,33,0,0),(20,0,33,0,0),(21,0,33,0,0),(22,0,33,0,0),(23,0,33,0,0),(24,0,33,0,0),(25,0,33,0,0),(26,0,33,0,0),(27,0,33,0,0),(28,0,33,0,0),(29,0,33,0,0),(30,0,33,0,0),(31,0,33,0,0),(32,0,33,0,0),(33,0,33,0,0),(34,0,33,0,0),(2,0,34,0,0),(3,0,34,0,0),(4,0,34,0,0),(5,0,34,0,0),(6,0,34,0,0),(7,0,34,0,0),(8,0,34,0,0),(9,0,34,0,0),(10,0,34,0,0),(11,0,34,0,0),(12,0,34,0,0),(13,0,34,0,0),(14,0,34,0,0),(15,0,34,0,0),(16,0,34,0,0),(17,0,34,0,0),(18,0,34,0,0),(19,0,34,0,0),(20,0,34,0,0),(21,0,34,0,0),(22,0,34,0,0),(23,0,34,0,0),(24,0,34,0,0),(25,0,34,0,0),(26,0,34,0,0),(27,0,34,0,0),(28,0,34,0,0),(29,0,34,0,0),(30,0,34,0,0),(31,0,34,0,0),(32,0,34,0,0),(33,0,34,0,0),(34,0,34,0,0),(2,0,35,0,0),(3,0,35,0,0),(4,0,35,0,0),(5,0,35,0,0),(6,0,35,0,0),(7,0,35,0,0),(8,0,35,0,0),(9,0,35,0,0),(10,0,35,0,0),(11,0,35,0,0),(12,0,35,0,0),(13,0,35,0,0),(14,0,35,0,0),(15,0,35,0,0),(16,559,35,1,0),(17,0,35,0,0),(18,0,35,0,0),(19,0,35,0,0),(20,0,35,0,0),(21,0,35,0,0),(22,0,35,0,0),(23,0,35,0,0),(24,0,35,0,0),(25,0,35,0,0),(26,0,35,0,0),(27,0,35,0,0),(28,0,35,0,0),(29,0,35,0,0),(30,0,35,0,0),(31,0,35,0,0),(32,0,35,0,0),(33,0,35,0,0),(34,0,35,0,0),(2,0,36,0,0),(3,0,36,0,0),(4,0,36,0,0),(5,0,36,0,0),(6,0,36,0,0),(7,0,36,0,0),(8,0,36,0,0),(9,0,36,0,0),(10,0,36,0,0),(11,0,36,0,0),(12,0,36,0,0),(13,0,36,0,0),(14,0,36,0,0),(15,0,36,0,0),(16,2237,36,321,0),(17,0,36,0,0),(18,0,36,0,0),(19,0,36,0,0),(20,0,36,0,0),(21,0,36,0,0),(22,0,36,0,0),(23,0,36,0,0),(24,0,36,0,0),(25,0,36,0,0),(26,0,36,0,0),(27,0,36,0,0),(28,0,36,0,0),(29,0,36,0,0),(30,0,36,0,0),(31,0,36,0,0),(32,0,36,0,0),(33,0,36,0,0),(34,0,36,0,0),(2,0,37,0,0),(3,0,37,0,0),(4,0,37,0,0),(5,0,37,0,0),(6,0,37,0,0),(7,0,37,0,0),(8,0,37,0,0),(9,0,37,0,0),(10,0,37,0,0),(11,0,37,0,0),(12,0,37,0,0),(13,0,37,0,0),(14,0,37,0,0),(15,0,37,0,0),(16,2323,37,1,0),(17,0,37,0,0),(18,0,37,0,0),(19,0,37,0,0),(20,0,37,0,0),(21,0,37,0,0),(22,0,37,0,0),(23,0,37,0,0),(24,0,37,0,0),(25,0,37,0,0),(26,0,37,0,0),(27,0,37,0,0),(28,0,37,0,0),(29,0,37,0,0),(30,0,37,0,0),(31,0,37,0,0),(32,0,37,0,0),(33,0,37,0,0),(34,0,37,0,0),(2,0,38,0,0),(3,0,38,0,0),(4,0,38,0,0),(5,0,38,0,0),(6,0,38,0,0),(7,0,38,0,0),(8,0,38,0,0),(9,0,38,0,0),(10,0,38,0,0),(11,0,38,0,0),(12,0,38,0,0),(13,0,38,0,0),(14,0,38,0,0),(15,0,38,0,0),(16,3133,38,723,0),(17,0,38,0,0),(18,0,38,0,0),(19,0,38,0,0),(20,0,38,0,0),(21,0,38,0,0),(22,0,38,0,0),(23,0,38,0,0),(24,0,38,0,0),(25,0,38,0,0),(26,0,38,0,0),(27,0,38,0,0),(28,0,38,0,0),(29,0,38,0,0),(30,0,38,0,0),(31,0,38,0,0),(32,0,38,0,0),(33,0,38,0,0),(34,0,38,0,0),(2,0,39,0,0),(3,0,39,0,0),(4,0,39,0,0),(5,0,39,0,0),(6,0,39,0,0),(7,0,39,0,0),(8,0,39,0,0),(9,0,39,0,0),(10,0,39,0,0),(11,0,39,0,0),(12,0,39,0,0),(13,0,39,0,0),(14,0,39,0,0),(15,0,39,0,0),(16,2965,39,2,0),(17,0,39,0,0),(18,0,39,0,0),(19,0,39,0,0),(20,0,39,0,0),(21,0,39,0,0),(22,0,39,0,0),(23,0,39,0,0),(24,0,39,0,0),(25,0,39,0,0),(26,0,39,0,0),(27,0,39,0,0),(28,0,39,0,0),(29,0,39,0,0),(30,0,39,0,0),(31,0,39,0,0),(32,0,39,0,0),(33,0,39,0,0),(34,0,39,0,0),(2,0,40,0,0),(3,0,40,0,0),(4,0,40,0,0),(5,0,40,0,0),(6,0,40,0,0),(7,0,40,0,0),(8,0,40,0,0),(9,0,40,0,0),(10,0,40,0,0),(11,0,40,0,0),(12,0,40,0,0),(13,0,40,0,0),(14,0,40,0,0),(15,0,40,0,0),(16,3047,40,744,0),(17,0,40,0,0),(18,0,40,0,0),(19,0,40,0,0),(20,0,40,0,0),(21,0,40,0,0),(22,0,40,0,0),(23,0,40,0,0),(24,0,40,0,0),(25,0,40,0,0),(26,0,40,0,0),(27,0,40,0,0),(28,0,40,0,0),(29,0,40,0,0),(30,0,40,0,0),(31,0,40,0,0),(32,0,40,0,0),(33,0,40,0,0),(34,0,40,0,0),(2,0,41,0,0),(3,0,41,0,0),(4,0,41,0,0),(5,0,41,0,0),(6,0,41,0,0),(7,0,41,0,0),(8,0,41,0,0),(9,0,41,0,0),(10,0,41,0,0),(11,0,41,0,0),(12,0,41,0,0),(13,0,41,0,0),(14,0,41,0,0),(15,0,41,0,0),(16,0,41,0,0),(17,0,41,0,0),(18,0,41,0,0),(19,0,41,0,0),(20,0,41,0,0),(21,0,41,0,0),(22,0,41,0,0),(23,0,41,0,0),(24,0,41,0,0),(25,0,41,0,0),(26,0,41,0,0),(27,0,41,0,0),(28,0,41,0,0),(29,0,41,0,0),(30,0,41,0,0),(31,0,41,0,0),(32,0,41,0,0),(33,0,41,0,0),(34,0,41,0,0),(2,0,42,0,0),(3,0,42,0,0),(4,0,42,0,0),(5,0,42,0,0),(6,0,42,0,0),(7,0,42,0,0),(8,0,42,0,0),(9,0,42,0,0),(10,0,42,0,0),(11,0,42,0,0),(12,0,42,0,0),(13,0,42,0,0),(14,0,42,0,0),(15,0,42,0,0),(16,997,42,1,0),(17,0,42,0,0),(18,0,42,0,0),(19,0,42,0,0),(20,0,42,0,0),(21,0,42,0,0),(22,0,42,0,0),(23,0,42,0,0),(24,0,42,0,0),(25,0,42,0,0),(26,0,42,0,0),(27,0,42,0,0),(28,0,42,0,0),(29,0,42,0,0),(30,0,42,0,0),(31,0,42,0,0),(32,0,42,0,0),(33,0,42,0,0),(34,0,42,0,0);
/*!40000 ALTER TABLE `character_inventory` ENABLE KEYS */;
UNLOCK TABLES;

--
-- Table structure for table `character_penalty`
--

DROP TABLE IF EXISTS `character_penalty`;
/*!40101 SET @saved_cs_client     = @@character_set_client */;
/*!50503 SET character_set_client = utf8mb4 */;
CREATE TABLE `character_penalty` (
  `id` int unsigned NOT NULL AUTO_INCREMENT,
  `character_id` int unsigned NOT NULL,
  `created_at` timestamp NOT NULL DEFAULT CURRENT_TIMESTAMP,
  `gm_id` int unsigned DEFAULT NULL,
  `description` varchar(250) NOT NULL,
  `jail_time` int unsigned NOT NULL,
  `silence_time` int NOT NULL DEFAULT '0',
  `type` tinyint NOT NULL,
  `unban_at` timestamp NULL DEFAULT NULL,
  PRIMARY KEY (`id`),
  KEY `fk_character_penaly_character1_idx` (`character_id`) /*!80000 INVISIBLE */,
  KEY `fk_character_penalty_gm_idx` (`gm_id`)
) ENGINE=InnoDB AUTO_INCREMENT=17 DEFAULT CHARSET=utf8mb3;
/*!40101 SET character_set_client = @saved_cs_client */;

--
-- Dumping data for table `character_penalty`
--

LOCK TABLES `character_penalty` WRITE;
/*!40000 ALTER TABLE `character_penalty` DISABLE KEYS */;
INSERT INTO `character_penalty` VALUES (1,3,'2022-07-28 17:02:10',2,'prueba',0,0,1,NULL),(2,3,'2022-07-28 17:02:10',2,'prueba',0,0,1,NULL),(3,3,'2022-07-28 17:03:41',2,'tete',0,0,1,NULL),(4,3,'2022-07-28 17:03:43',2,'tete',0,0,1,NULL),(5,3,'2022-07-28 17:04:11',2,'tetes',0,0,1,'2022-07-28 17:07:09'),(6,3,'2022-07-28 17:08:36',2,'prueba',0,0,1,'2022-07-28 17:08:52'),(7,3,'2022-07-28 19:29:22',2,'Se cambio el nombre de \'CARLOS\' a \'Pedro\'',0,0,6,NULL),(8,3,'2022-07-28 19:30:03',2,'Se cambio el nombre de \'PEDRO\' a \'juan\'',0,0,6,NULL),(9,3,'2022-07-28 19:30:47',2,'ADVERTENCIA: por gato',0,0,2,NULL),(10,3,'2022-07-28 19:31:51',2,'ADVERTENCIA: gato',0,0,2,NULL),(11,3,'2022-07-28 19:32:06',2,'Se cambio el nombre de \'JUAN\' a \'Yind\'',0,0,6,NULL),(12,3,'2022-07-28 20:53:42',2,'Se cambio el nombre de \'YIND\' a \'pepe\'',0,0,6,NULL),(13,3,'2022-07-28 20:53:51',2,'Se cambio el nombre de \'PEPE\' a \'Yind\'',0,0,6,NULL),(14,3,'2022-07-28 20:53:58',2,'gil',0,0,4,'2022-07-28 21:01:58'),(15,23,'2022-08-02 05:40:04',16,'Silenced for 15',0,15,2,NULL),(16,23,'2022-08-02 05:40:07',16,'Silenced for 15',0,15,2,NULL);
/*!40000 ALTER TABLE `character_penalty` ENABLE KEYS */;
UNLOCK TABLES;

--
-- Table structure for table `character_quest`
--

DROP TABLE IF EXISTS `character_quest`;
/*!40101 SET @saved_cs_client     = @@character_set_client */;
/*!50503 SET character_set_client = utf8mb4 */;
CREATE TABLE `character_quest` (
  `character_id` int unsigned NOT NULL,
  `quest_id` int unsigned NOT NULL,
  `completed` tinyint NOT NULL,
  `data` text,
  `created_at` timestamp NOT NULL DEFAULT CURRENT_TIMESTAMP,
  `completed_at` timestamp NULL DEFAULT NULL,
  PRIMARY KEY (`character_id`,`quest_id`),
  KEY `fk_character_quest_character1_idx` (`character_id`),
  KEY `fk_character_quest_quest1_idx` (`quest_id`)
) ENGINE=InnoDB DEFAULT CHARSET=utf8mb3;
/*!40101 SET character_set_client = @saved_cs_client */;

--
-- Dumping data for table `character_quest`
--

LOCK TABLES `character_quest` WRITE;
/*!40000 ALTER TABLE `character_quest` DISABLE KEYS */;
INSERT INTO `character_quest` VALUES (2,3,1,NULL,'2022-08-02 00:00:56',NULL),(2,14,0,'2|','2022-07-28 03:31:48',NULL),(2,16,0,'0|','2022-07-28 03:31:48',NULL),(3,3,0,'0|','2022-08-02 02:26:16',NULL),(7,3,0,'0|','2022-08-02 02:27:47',NULL),(16,50,0,'|','2022-08-02 06:24:37',NULL),(16,75,1,NULL,'2022-08-02 06:24:37',NULL),(16,77,1,NULL,'2022-08-02 06:24:37',NULL),(16,87,0,'1-0-0-0-0-0-0-0|','2022-08-02 06:24:37',NULL),(16,152,1,NULL,'2022-08-02 06:24:37',NULL),(26,142,1,NULL,'2022-08-01 16:01:37',NULL),(28,1,0,'|','2022-08-01 17:30:57',NULL),(28,18,0,'11|','2022-08-01 17:30:57',NULL),(28,102,1,NULL,'2022-08-01 17:30:57',NULL),(30,2,0,'0|','2022-08-08 21:56:39',NULL);
/*!40000 ALTER TABLE `character_quest` ENABLE KEYS */;
UNLOCK TABLES;

--
-- Table structure for table `character_skill`
--

DROP TABLE IF EXISTS `character_skill`;
/*!40101 SET @saved_cs_client     = @@character_set_client */;
/*!50503 SET character_set_client = utf8mb4 */;
CREATE TABLE `character_skill` (
  `character_id` int unsigned NOT NULL,
  `skill_id` int unsigned NOT NULL,
  `value` tinyint NOT NULL,
  `assigned` tinyint NOT NULL,
  PRIMARY KEY (`character_id`,`skill_id`),
  KEY `fk_character_skill_character1_idx` (`character_id`),
  KEY `fk_character_skill_skill1_idx` (`skill_id`)
) ENGINE=InnoDB DEFAULT CHARSET=utf8mb3;
/*!40101 SET character_set_client = @saved_cs_client */;

--
-- Dumping data for table `character_skill`
--

LOCK TABLES `character_skill` WRITE;
/*!40000 ALTER TABLE `character_skill` DISABLE KEYS */;
INSERT INTO `character_skill` VALUES (2,1,42,39),(2,2,0,0),(2,3,0,0),(2,4,2,0),(2,5,6,5),(2,6,0,0),(2,7,0,0),(2,8,0,0),(2,9,0,0),(2,10,0,0),(2,11,0,0),(2,12,0,0),(2,13,0,0),(2,14,70,0),(2,15,0,0),(2,16,1,0),(2,17,0,0),(2,18,0,0),(2,19,1,0),(2,20,0,0),(3,1,0,0),(3,2,0,0),(3,3,0,0),(3,4,0,0),(3,5,0,0),(3,6,0,0),(3,7,0,0),(3,8,0,0),(3,9,0,0),(3,10,0,0),(3,11,0,0),(3,12,0,0),(3,13,0,0),(3,14,0,0),(3,15,0,0),(3,16,0,0),(3,17,0,0),(3,18,0,0),(3,19,0,0),(3,20,0,0),(4,1,0,0),(4,2,0,0),(4,3,0,0),(4,4,0,0),(4,5,0,0),(4,6,0,0),(4,7,0,0),(4,8,0,0),(4,9,0,0),(4,10,0,0),(4,11,0,0),(4,12,0,0),(4,13,0,0),(4,14,0,0),(4,15,0,0),(4,16,0,0),(4,17,0,0),(4,18,0,0),(4,19,0,0),(4,20,0,0),(5,1,0,0),(5,2,0,0),(5,3,0,0),(5,4,0,0),(5,5,0,0),(5,6,0,0),(5,7,0,0),(5,8,0,0),(5,9,0,0),(5,10,0,0),(5,11,0,0),(5,12,0,0),(5,13,0,0),(5,14,0,0),(5,15,0,0),(5,16,0,0),(5,17,0,0),(5,18,0,0),(5,19,0,0),(5,20,0,0),(6,1,5,0),(6,2,0,0),(6,3,0,0),(6,4,0,0),(6,5,0,0),(6,6,0,0),(6,7,0,0),(6,8,0,0),(6,9,0,0),(6,10,0,0),(6,11,0,0),(6,12,0,0),(6,13,0,0),(6,14,0,0),(6,15,0,0),(6,16,0,0),(6,17,0,0),(6,18,0,0),(6,19,0,0),(6,20,0,0),(7,1,0,0),(7,2,0,0),(7,3,0,0),(7,4,0,0),(7,5,0,0),(7,6,0,0),(7,7,0,0),(7,8,0,0),(7,9,0,0),(7,10,0,0),(7,11,0,0),(7,12,0,0),(7,13,0,0),(7,14,0,0),(7,15,0,0),(7,16,0,0),(7,17,0,0),(7,18,0,0),(7,19,0,0),(7,20,0,0),(8,1,0,0),(8,2,0,0),(8,3,0,0),(8,4,0,0),(8,5,0,0),(8,6,0,0),(8,7,0,0),(8,8,0,0),(8,9,0,0),(8,10,0,0),(8,11,0,0),(8,12,0,0),(8,13,0,0),(8,14,0,0),(8,15,0,0),(8,16,0,0),(8,17,0,0),(8,18,0,0),(8,19,0,0),(8,20,0,0),(9,1,0,0),(9,2,0,0),(9,3,0,0),(9,4,0,0),(9,5,0,0),(9,6,0,0),(9,7,0,0),(9,8,0,0),(9,9,0,0),(9,10,0,0),(9,11,0,0),(9,12,0,0),(9,13,0,0),(9,14,0,0),(9,15,0,0),(9,16,0,0),(9,17,0,0),(9,18,0,0),(9,19,0,0),(9,20,0,0),(10,1,0,0),(10,2,0,0),(10,3,0,0),(10,4,0,0),(10,5,0,0),(10,6,0,0),(10,7,0,0),(10,8,0,0),(10,9,0,0),(10,10,0,0),(10,11,0,0),(10,12,0,0),(10,13,0,0),(10,14,0,0),(10,15,0,0),(10,16,0,0),(10,17,0,0),(10,18,0,0),(10,19,0,0),(10,20,0,0),(11,1,0,0),(11,2,0,0),(11,3,0,0),(11,4,0,0),(11,5,0,0),(11,6,0,0),(11,7,0,0),(11,8,0,0),(11,9,0,0),(11,10,0,0),(11,11,0,0),(11,12,0,0),(11,13,0,0),(11,14,0,0),(11,15,0,0),(11,16,0,0),(11,17,0,0),(11,18,0,0),(11,19,0,0),(11,20,0,0),(12,1,0,0),(12,2,0,0),(12,3,0,0),(12,4,0,0),(12,5,0,0),(12,6,0,0),(12,7,0,0),(12,8,0,0),(12,9,0,0),(12,10,0,0),(12,11,0,0),(12,12,0,0),(12,13,0,0),(12,14,0,0),(12,15,0,0),(12,16,0,0),(12,17,0,0),(12,18,0,0),(12,19,0,0),(12,20,0,0),(13,1,0,0),(13,2,0,0),(13,3,0,0),(13,4,0,0),(13,5,0,0),(13,6,0,0),(13,7,0,0),(13,8,0,0),(13,9,0,0),(13,10,0,0),(13,11,0,0),(13,12,0,0),(13,13,0,0),(13,14,0,0),(13,15,0,0),(13,16,0,0),(13,17,0,0),(13,18,0,0),(13,19,0,0),(13,20,0,0),(14,1,0,0),(14,2,0,0),(14,3,0,0),(14,4,0,0),(14,5,0,0),(14,6,0,0),(14,7,0,0),(14,8,0,0),(14,9,0,0),(14,10,0,0),(14,11,0,0),(14,12,0,0),(14,13,0,0),(14,14,0,0),(14,15,0,0),(14,16,0,0),(14,17,0,0),(14,18,0,0),(14,19,0,0),(14,20,0,0),(15,1,0,0),(15,2,0,0),(15,3,0,0),(15,4,0,0),(15,5,0,0),(15,6,0,0),(15,7,0,0),(15,8,0,0),(15,9,0,0),(15,10,0,0),(15,11,0,0),(15,12,0,0),(15,13,0,0),(15,14,0,0),(15,15,0,0),(15,16,0,0),(15,17,0,0),(15,18,0,0),(15,19,0,0),(15,20,0,0),(16,1,100,0),(16,2,100,0),(16,3,100,0),(16,4,100,0),(16,5,100,0),(16,6,100,0),(16,7,100,0),(16,8,100,0),(16,9,100,0),(16,10,100,0),(16,11,100,0),(16,12,100,0),(16,13,100,0),(16,14,100,0),(16,15,100,0),(16,16,100,0),(16,17,100,0),(16,18,100,0),(16,19,100,0),(16,20,100,0),(17,1,0,0),(17,2,0,0),(17,3,0,0),(17,4,0,0),(17,5,0,0),(17,6,0,0),(17,7,0,0),(17,8,0,0),(17,9,0,0),(17,10,0,0),(17,11,0,0),(17,12,0,0),(17,13,0,0),(17,14,0,0),(17,15,0,0),(17,16,0,0),(17,17,0,0),(17,18,0,0),(17,19,0,0),(17,20,0,0),(18,1,2,0),(18,2,0,0),(18,3,6,0),(18,4,0,0),(18,5,0,0),(18,6,0,0),(18,7,0,0),(18,8,0,0),(18,9,0,0),(18,10,0,0),(18,11,0,0),(18,12,0,0),(18,13,0,0),(18,14,0,0),(18,15,0,0),(18,16,0,0),(18,17,0,0),(18,18,0,0),(18,19,0,0),(18,20,0,0),(19,1,0,0),(19,2,0,0),(19,3,0,0),(19,4,0,0),(19,5,0,0),(19,6,0,0),(19,7,0,0),(19,8,0,0),(19,9,0,0),(19,10,0,0),(19,11,0,0),(19,12,0,0),(19,13,0,0),(19,14,0,0),(19,15,0,0),(19,16,0,0),(19,17,0,0),(19,18,0,0),(19,19,0,0),(19,20,0,0),(20,1,100,0),(20,2,100,0),(20,3,100,0),(20,4,100,0),(20,5,100,0),(20,6,100,0),(20,7,100,0),(20,8,100,0),(20,9,100,0),(20,10,100,0),(20,11,100,0),(20,12,100,0),(20,13,100,0),(20,14,100,0),(20,15,100,0),(20,16,100,0),(20,17,100,0),(20,18,100,0),(20,19,100,0),(20,20,100,0),(21,1,100,0),(21,2,100,0),(21,3,100,0),(21,4,100,0),(21,5,100,0),(21,6,100,0),(21,7,100,0),(21,8,100,0),(21,9,100,0),(21,10,100,0),(21,11,100,0),(21,12,100,0),(21,13,100,0),(21,14,100,0),(21,15,100,0),(21,16,100,0),(21,17,100,0),(21,18,100,0),(21,19,100,0),(21,20,100,0),(22,1,0,0),(22,2,0,0),(22,3,57,0),(22,4,0,0),(22,5,0,0),(22,6,0,0),(22,7,13,0),(22,8,2,0),(22,9,3,0),(22,10,57,0),(22,11,0,0),(22,12,10,0),(22,13,0,0),(22,14,0,0),(22,15,0,0),(22,16,0,0),(22,17,0,0),(22,18,0,0),(22,19,0,0),(22,20,0,0),(23,1,0,0),(23,2,0,0),(23,3,3,0),(23,4,1,0),(23,5,1,0),(23,6,0,0),(23,7,0,0),(23,8,0,0),(23,9,0,0),(23,10,0,0),(23,11,0,0),(23,12,0,0),(23,13,0,0),(23,14,0,0),(23,15,0,0),(23,16,0,0),(23,17,0,0),(23,18,0,0),(23,19,0,0),(23,20,0,0),(24,1,100,0),(24,2,100,0),(24,3,100,0),(24,4,100,0),(24,5,100,0),(24,6,100,0),(24,7,100,0),(24,8,100,0),(24,9,100,0),(24,10,100,0),(24,11,100,0),(24,12,100,0),(24,13,100,0),(24,14,100,0),(24,15,100,0),(24,16,100,0),(24,17,100,0),(24,18,100,0),(24,19,100,0),(24,20,100,0),(25,1,10,0),(25,2,0,0),(25,3,0,0),(25,4,0,0),(25,5,0,0),(25,6,0,0),(25,7,0,0),(25,8,0,0),(25,9,0,0),(25,10,0,0),(25,11,0,0),(25,12,0,0),(25,13,0,0),(25,14,0,0),(25,15,0,0),(25,16,0,0),(25,17,0,0),(25,18,0,0),(25,19,0,0),(25,20,0,0),(26,1,0,0),(26,2,0,0),(26,3,2,0),(26,4,4,0),(26,5,0,0),(26,6,0,0),(26,7,0,0),(26,8,2,0),(26,9,0,0),(26,10,2,0),(26,11,0,0),(26,12,0,0),(26,13,0,0),(26,14,0,0),(26,15,0,0),(26,16,0,0),(26,17,0,0),(26,18,0,0),(26,19,0,0),(26,20,0,0),(27,1,24,0),(27,2,0,0),(27,3,11,0),(27,4,9,0),(27,5,9,0),(27,6,0,0),(27,7,0,0),(27,8,7,0),(27,9,0,0),(27,10,0,0),(27,11,0,0),(27,12,0,0),(27,13,0,0),(27,14,5,5),(27,15,0,0),(27,16,0,0),(27,17,0,0),(27,18,0,0),(27,19,0,0),(27,20,0,0),(28,1,0,0),(28,2,0,0),(28,3,18,0),(28,4,56,0),(28,5,0,0),(28,6,0,0),(28,7,19,7),(28,8,5,0),(28,9,30,0),(28,10,5,0),(28,11,0,0),(28,12,2,0),(28,13,9,5),(28,14,13,5),(28,15,0,0),(28,16,0,0),(28,17,0,0),(28,18,0,0),(28,19,0,0),(28,20,0,0),(29,1,0,0),(29,2,0,0),(29,3,2,0),(29,4,6,0),(29,5,1,0),(29,6,0,0),(29,7,0,0),(29,8,3,0),(29,9,1,0),(29,10,0,0),(29,11,0,0),(29,12,0,0),(29,13,0,0),(29,14,0,0),(29,15,0,0),(29,16,0,0),(29,17,0,0),(29,18,0,0),(29,19,0,0),(29,20,0,0),(30,1,0,0),(30,2,0,0),(30,3,10,0),(30,4,0,0),(30,5,0,0),(30,6,0,0),(30,7,0,0),(30,8,0,0),(30,9,0,0),(30,10,0,0),(30,11,0,0),(30,12,0,0),(30,13,0,0),(30,14,0,0),(30,15,0,0),(30,16,0,0),(30,17,0,0),(30,18,0,0),(30,19,0,0),(30,20,0,0),(31,1,0,0),(31,2,0,0),(31,3,0,0),(31,4,0,0),(31,5,0,0),(31,6,0,0),(31,7,0,0),(31,8,0,0),(31,9,0,0),(31,10,0,0),(31,11,0,0),(31,12,0,0),(31,13,0,0),(31,14,0,0),(31,15,0,0),(31,16,0,0),(31,17,0,0),(31,18,0,0),(31,19,0,0),(31,20,0,0),(32,1,0,0),(32,2,10,10),(32,3,0,0),(32,4,0,0),(32,5,0,0),(32,6,0,0),(32,7,0,0),(32,8,0,0),(32,9,0,0),(32,10,0,0),(32,11,0,0),(32,12,1,0),(32,13,0,0),(32,14,0,0),(32,15,0,0),(32,16,0,0),(32,17,0,0),(32,18,0,0),(32,19,0,0),(32,20,0,0),(33,1,100,0),(33,2,100,0),(33,3,100,0),(33,4,100,0),(33,5,100,0),(33,6,100,0),(33,7,100,0),(33,8,100,0),(33,9,100,0),(33,10,100,0),(33,11,100,0),(33,12,100,0),(33,13,100,0),(33,14,100,0),(33,15,100,0),(33,16,100,0),(33,17,100,0),(33,18,100,0),(33,19,100,0),(33,20,100,0),(34,1,0,0),(34,2,0,0),(34,3,0,0),(34,4,0,0),(34,5,0,0),(34,6,0,0),(34,7,0,0),(34,8,0,0),(34,9,0,0),(34,10,0,0),(34,11,0,0),(34,12,0,0),(34,13,0,0),(34,14,0,0),(34,15,0,0),(34,16,0,0),(34,17,0,0),(34,18,0,0),(34,19,0,0),(34,20,0,0);
/*!40000 ALTER TABLE `character_skill` ENABLE KEYS */;
UNLOCK TABLES;

--
-- Table structure for table `character_spell`
--

DROP TABLE IF EXISTS `character_spell`;
/*!40101 SET @saved_cs_client     = @@character_set_client */;
/*!50503 SET character_set_client = utf8mb4 */;
CREATE TABLE `character_spell` (
  `character_id` int unsigned NOT NULL,
  `spell_id` int unsigned NOT NULL,
  `position` tinyint NOT NULL,
  `created_at` timestamp NOT NULL DEFAULT CURRENT_TIMESTAMP,
  PRIMARY KEY (`character_id`,`spell_id`),
  KEY `fk_character_spell_character1_idx` (`character_id`),
  KEY `fk_character_spell_spell1_idx` (`spell_id`)
) ENGINE=InnoDB DEFAULT CHARSET=utf8mb3;
/*!40101 SET character_set_client = @saved_cs_client */;

--
-- Dumping data for table `character_spell`
--

LOCK TABLES `character_spell` WRITE;
/*!40000 ALTER TABLE `character_spell` DISABLE KEYS */;
INSERT INTO `character_spell` VALUES (2,1,2,'2022-07-27 13:00:00'),(2,2,3,'2022-07-27 13:00:00'),(2,3,4,'2022-07-27 13:00:00'),(3,1,2,'2022-08-02 02:26:16'),(3,2,3,'2022-08-02 02:26:16'),(3,3,4,'2022-08-02 02:26:16'),(6,1,1,'2022-07-28 22:33:20'),(6,11,2,'2022-07-28 22:33:20'),(6,12,3,'2022-07-28 22:33:20'),(7,1,2,'2022-08-02 02:27:47'),(7,2,3,'2022-08-02 02:27:47'),(7,3,4,'2022-08-02 02:27:47'),(8,1,1,'2022-07-28 22:45:31'),(8,11,2,'2022-07-28 22:45:31'),(8,12,3,'2022-07-28 22:45:31'),(13,1,1,'2022-07-29 21:08:09'),(13,11,2,'2022-07-29 21:08:09'),(13,12,3,'2022-07-29 21:08:09'),(14,1,1,'2022-07-29 21:49:57'),(14,11,2,'2022-07-29 21:49:57'),(14,12,3,'2022-07-29 21:49:57'),(16,1,2,'2022-07-30 19:02:48'),(16,4,12,'2022-07-31 19:14:14'),(16,11,3,'2022-07-30 19:02:48'),(16,12,4,'2022-07-30 19:02:48'),(16,14,1,'2022-07-31 21:49:20'),(16,23,7,'2022-08-02 06:29:47'),(16,26,15,'2022-08-01 06:53:46'),(16,32,10,'2022-08-02 06:29:47'),(16,42,9,'2022-08-02 06:29:47'),(16,53,14,'2022-07-31 18:56:45'),(16,57,5,'2022-07-31 18:55:42'),(16,101,11,'2022-08-02 06:29:47'),(16,132,8,'2022-08-02 06:29:47'),(16,214,6,'2022-07-31 18:56:45'),(18,1,1,'2022-07-30 22:46:56'),(18,11,2,'2022-07-30 22:46:56'),(18,12,3,'2022-07-30 22:46:56'),(19,1,1,'2022-07-30 22:47:57'),(19,11,2,'2022-07-30 22:47:57'),(19,12,3,'2022-07-30 22:47:57'),(20,1,1,'2022-07-30 23:16:42'),(20,4,4,'2022-07-31 19:28:44'),(20,11,2,'2022-07-30 23:16:42'),(20,12,3,'2022-07-30 23:16:42'),(20,26,39,'2022-07-31 18:53:14'),(20,27,40,'2022-07-31 18:53:14'),(20,41,36,'2022-07-31 18:53:14'),(20,51,37,'2022-07-31 18:53:14'),(20,53,38,'2022-07-31 18:53:14'),(21,1,1,'2022-07-31 00:31:13'),(21,11,2,'2022-07-31 00:31:13'),(21,12,3,'2022-07-31 00:31:13'),(21,53,4,'2022-07-31 01:08:13'),(23,1,1,'2022-07-31 18:53:27'),(23,11,2,'2022-07-31 18:53:27'),(23,12,3,'2022-07-31 18:53:27'),(24,1,1,'2022-07-31 19:00:55'),(24,4,5,'2022-07-31 19:46:23'),(24,11,2,'2022-07-31 19:00:55'),(24,12,3,'2022-07-31 19:00:55'),(24,53,4,'2022-07-31 19:06:14'),(25,1,1,'2022-07-31 21:43:44'),(25,11,2,'2022-07-31 21:43:44'),(25,12,3,'2022-07-31 21:43:44'),(27,1,1,'2022-08-01 16:29:07'),(27,2,4,'2022-08-01 16:29:07'),(27,11,2,'2022-08-01 16:29:07'),(27,12,3,'2022-08-01 16:29:07'),(27,43,5,'2022-08-04 17:05:56'),(31,1,1,'2022-08-10 07:39:40'),(31,11,2,'2022-08-10 07:39:40'),(31,12,3,'2022-08-10 07:39:40'),(32,1,1,'2022-08-11 00:36:15'),(32,11,2,'2022-08-11 00:36:15'),(32,12,3,'2022-08-11 00:36:15'),(33,1,1,'2022-08-17 02:06:23'),(33,11,2,'2022-08-17 02:06:23'),(33,12,40,'2022-08-17 02:06:23'),(33,53,3,'2022-08-23 00:33:22'),(34,1,1,'2022-08-17 02:28:24'),(34,11,2,'2022-08-17 02:28:24'),(34,12,3,'2022-08-17 02:28:24');
/*!40000 ALTER TABLE `character_spell` ENABLE KEYS */;
UNLOCK TABLES;

--
-- Table structure for table `character_vault`
--

DROP TABLE IF EXISTS `character_vault`;
/*!40101 SET @saved_cs_client     = @@character_set_client */;
/*!50503 SET character_set_client = utf8mb4 */;
CREATE TABLE `character_vault` (
  `character_id` int unsigned NOT NULL,
  `object_id` int unsigned NOT NULL,
  `position` tinyint unsigned NOT NULL,
  `amount` int unsigned NOT NULL,
  PRIMARY KEY (`position`,`character_id`),
  KEY `fk_character_inventory_character1_idx` (`character_id`),
  KEY `fk_character_inventory_object1_idx` (`object_id`)
) ENGINE=InnoDB DEFAULT CHARSET=utf8mb3;
/*!40101 SET character_set_client = @saved_cs_client */;

--
-- Dumping data for table `character_vault`
--

LOCK TABLES `character_vault` WRITE;
/*!40000 ALTER TABLE `character_vault` DISABLE KEYS */;
INSERT INTO `character_vault` VALUES (2,9,1,1),(3,0,1,0),(4,0,1,0),(5,0,1,0),(6,0,1,0),(7,0,1,0),(8,0,1,0),(9,0,1,0),(10,0,1,0),(11,0,1,0),(12,0,1,0),(13,0,1,0),(14,0,1,0),(15,0,1,0),(16,0,1,0),(17,0,1,0),(18,0,1,0),(19,0,1,0),(20,0,1,0),(21,0,1,0),(22,0,1,0),(23,0,1,0),(24,0,1,0),(25,0,1,0),(26,3545,1,1),(27,0,1,0),(28,0,1,0),(29,0,1,0),(30,0,1,0),(31,0,1,0),(32,0,1,0),(33,0,1,0),(34,0,1,0),(2,891,2,3),(3,0,2,0),(4,0,2,0),(5,0,2,0),(6,0,2,0),(7,0,2,0),(8,0,2,0),(9,0,2,0),(10,0,2,0),(11,0,2,0),(12,0,2,0),(13,0,2,0),(14,0,2,0),(15,0,2,0),(16,0,2,0),(17,0,2,0),(18,0,2,0),(19,0,2,0),(20,0,2,0),(21,0,2,0),(22,0,2,0),(23,0,2,0),(24,0,2,0),(25,0,2,0),(26,414,2,4),(27,0,2,0),(28,0,2,0),(29,0,2,0),(30,0,2,0),(31,0,2,0),(32,0,2,0),(33,0,2,0),(34,0,2,0),(2,0,3,0),(3,0,3,0),(4,0,3,0),(5,0,3,0),(6,0,3,0),(7,0,3,0),(8,0,3,0),(9,0,3,0),(10,0,3,0),(11,0,3,0),(12,0,3,0),(13,0,3,0),(14,0,3,0),(15,0,3,0),(16,0,3,0),(17,0,3,0),(18,0,3,0),(19,0,3,0),(20,0,3,0),(21,0,3,0),(22,0,3,0),(23,0,3,0),(24,0,3,0),(25,0,3,0),(26,1700,3,1),(27,0,3,0),(28,0,3,0),(29,0,3,0),(30,0,3,0),(31,0,3,0),(32,0,3,0),(33,0,3,0),(34,0,3,0),(2,0,4,0),(3,0,4,0),(4,0,4,0),(5,0,4,0),(6,0,4,0),(7,0,4,0),(8,0,4,0),(9,0,4,0),(10,0,4,0),(11,0,4,0),(12,0,4,0),(13,0,4,0),(14,0,4,0),(15,0,4,0),(16,0,4,0),(17,0,4,0),(18,0,4,0),(19,0,4,0),(20,0,4,0),(21,0,4,0),(22,0,4,0),(23,0,4,0),(24,0,4,0),(25,0,4,0),(26,0,4,0),(27,0,4,0),(28,0,4,0),(29,0,4,0),(30,0,4,0),(31,0,4,0),(32,0,4,0),(33,0,4,0),(34,0,4,0),(2,0,5,0),(3,0,5,0),(4,0,5,0),(5,0,5,0),(6,0,5,0),(7,0,5,0),(8,0,5,0),(9,0,5,0),(10,0,5,0),(11,0,5,0),(12,0,5,0),(13,0,5,0),(14,0,5,0),(15,0,5,0),(16,0,5,0),(17,0,5,0),(18,0,5,0),(19,0,5,0),(20,0,5,0),(21,0,5,0),(22,0,5,0),(23,0,5,0),(24,0,5,0),(25,0,5,0),(26,0,5,0),(27,0,5,0),(28,0,5,0),(29,0,5,0),(30,0,5,0),(31,0,5,0),(32,0,5,0),(33,0,5,0),(34,0,5,0),(2,0,6,0),(3,0,6,0),(4,0,6,0),(5,0,6,0),(6,0,6,0),(7,0,6,0),(8,0,6,0),(9,0,6,0),(10,0,6,0),(11,0,6,0),(12,0,6,0),(13,0,6,0),(14,0,6,0),(15,0,6,0),(16,0,6,0),(17,0,6,0),(18,0,6,0),(19,0,6,0),(20,0,6,0),(21,0,6,0),(22,0,6,0),(23,0,6,0),(24,0,6,0),(25,0,6,0),(26,0,6,0),(27,0,6,0),(28,0,6,0),(29,0,6,0),(30,0,6,0),(31,0,6,0),(32,0,6,0),(33,0,6,0),(34,0,6,0),(2,0,7,0),(3,0,7,0),(4,0,7,0),(5,0,7,0),(6,0,7,0),(7,0,7,0),(8,0,7,0),(9,0,7,0),(10,0,7,0),(11,0,7,0),(12,0,7,0),(13,0,7,0),(14,0,7,0),(15,0,7,0),(16,0,7,0),(17,0,7,0),(18,0,7,0),(19,0,7,0),(20,0,7,0),(21,0,7,0),(22,0,7,0),(23,0,7,0),(24,0,7,0),(25,0,7,0),(26,0,7,0),(27,0,7,0),(28,0,7,0),(29,0,7,0),(30,0,7,0),(31,0,7,0),(32,0,7,0),(33,0,7,0),(34,0,7,0),(2,0,8,0),(3,0,8,0),(4,0,8,0),(5,0,8,0),(6,0,8,0),(7,0,8,0),(8,0,8,0),(9,0,8,0),(10,0,8,0),(11,0,8,0),(12,0,8,0),(13,0,8,0),(14,0,8,0),(15,0,8,0),(16,0,8,0),(17,0,8,0),(18,0,8,0),(19,0,8,0),(20,0,8,0),(21,0,8,0),(22,0,8,0),(23,0,8,0),(24,0,8,0),(25,0,8,0),(26,0,8,0),(27,0,8,0),(28,0,8,0),(29,0,8,0),(30,0,8,0),(31,0,8,0),(32,0,8,0),(33,0,8,0),(34,0,8,0),(2,0,9,0),(3,0,9,0),(4,0,9,0),(5,0,9,0),(6,0,9,0),(7,0,9,0),(8,0,9,0),(9,0,9,0),(10,0,9,0),(11,0,9,0),(12,0,9,0),(13,0,9,0),(14,0,9,0),(15,0,9,0),(16,0,9,0),(17,0,9,0),(18,0,9,0),(19,0,9,0),(20,0,9,0),(21,0,9,0),(22,0,9,0),(23,0,9,0),(24,0,9,0),(25,0,9,0),(26,0,9,0),(27,0,9,0),(28,0,9,0),(29,0,9,0),(30,0,9,0),(31,0,9,0),(32,0,9,0),(33,0,9,0),(34,0,9,0),(2,0,10,0),(3,0,10,0),(4,0,10,0),(5,0,10,0),(6,0,10,0),(7,0,10,0),(8,0,10,0),(9,0,10,0),(10,0,10,0),(11,0,10,0),(12,0,10,0),(13,0,10,0),(14,0,10,0),(15,0,10,0),(16,0,10,0),(17,0,10,0),(18,0,10,0),(19,0,10,0),(20,0,10,0),(21,0,10,0),(22,0,10,0),(23,0,10,0),(24,0,10,0),(25,0,10,0),(26,0,10,0),(27,0,10,0),(28,0,10,0),(29,0,10,0),(30,0,10,0),(31,0,10,0),(32,0,10,0),(33,0,10,0),(34,0,10,0),(2,0,11,0),(3,0,11,0),(4,0,11,0),(5,0,11,0),(6,0,11,0),(7,0,11,0),(8,0,11,0),(9,0,11,0),(10,0,11,0),(11,0,11,0),(12,0,11,0),(13,0,11,0),(14,0,11,0),(15,0,11,0),(16,0,11,0),(17,0,11,0),(18,0,11,0),(19,0,11,0),(20,0,11,0),(21,0,11,0),(22,0,11,0),(23,0,11,0),(24,0,11,0),(25,0,11,0),(26,0,11,0),(27,0,11,0),(28,0,11,0),(29,0,11,0),(30,0,11,0),(31,0,11,0),(32,0,11,0),(33,0,11,0),(34,0,11,0),(2,0,12,0),(3,0,12,0),(4,0,12,0),(5,0,12,0),(6,0,12,0),(7,0,12,0),(8,0,12,0),(9,0,12,0),(10,0,12,0),(11,0,12,0),(12,0,12,0),(13,0,12,0),(14,0,12,0),(15,0,12,0),(16,0,12,0),(17,0,12,0),(18,0,12,0),(19,0,12,0),(20,0,12,0),(21,0,12,0),(22,0,12,0),(23,0,12,0),(24,0,12,0),(25,0,12,0),(26,0,12,0),(27,0,12,0),(28,0,12,0),(29,0,12,0),(30,0,12,0),(31,0,12,0),(32,0,12,0),(33,0,12,0),(34,0,12,0),(2,0,13,0),(3,0,13,0),(4,0,13,0),(5,0,13,0),(6,0,13,0),(7,0,13,0),(8,0,13,0),(9,0,13,0),(10,0,13,0),(11,0,13,0),(12,0,13,0),(13,0,13,0),(14,0,13,0),(15,0,13,0),(16,0,13,0),(17,0,13,0),(18,0,13,0),(19,0,13,0),(20,0,13,0),(21,0,13,0),(22,0,13,0),(23,0,13,0),(24,0,13,0),(25,0,13,0),(26,0,13,0),(27,0,13,0),(28,0,13,0),(29,0,13,0),(30,0,13,0),(31,0,13,0),(32,0,13,0),(33,0,13,0),(34,0,13,0),(2,0,14,0),(3,0,14,0),(4,0,14,0),(5,0,14,0),(6,0,14,0),(7,0,14,0),(8,0,14,0),(9,0,14,0),(10,0,14,0),(11,0,14,0),(12,0,14,0),(13,0,14,0),(14,0,14,0),(15,0,14,0),(16,0,14,0),(17,0,14,0),(18,0,14,0),(19,0,14,0),(20,0,14,0),(21,0,14,0),(22,0,14,0),(23,0,14,0),(24,0,14,0),(25,0,14,0),(26,0,14,0),(27,0,14,0),(28,0,14,0),(29,0,14,0),(30,0,14,0),(31,0,14,0),(32,0,14,0),(33,0,14,0),(34,0,14,0),(2,0,15,0),(3,0,15,0),(4,0,15,0),(5,0,15,0),(6,0,15,0),(7,0,15,0),(8,0,15,0),(9,0,15,0),(10,0,15,0),(11,0,15,0),(12,0,15,0),(13,0,15,0),(14,0,15,0),(15,0,15,0),(16,0,15,0),(17,0,15,0),(18,0,15,0),(19,0,15,0),(20,0,15,0),(21,0,15,0),(22,0,15,0),(23,0,15,0),(24,0,15,0),(25,0,15,0),(26,0,15,0),(27,0,15,0),(28,0,15,0),(29,0,15,0),(30,0,15,0),(31,0,15,0),(32,0,15,0),(33,0,15,0),(34,0,15,0),(2,0,16,0),(3,0,16,0),(4,0,16,0),(5,0,16,0),(6,0,16,0),(7,0,16,0),(8,0,16,0),(9,0,16,0),(10,0,16,0),(11,0,16,0),(12,0,16,0),(13,0,16,0),(14,0,16,0),(15,0,16,0),(16,0,16,0),(17,0,16,0),(18,0,16,0),(19,0,16,0),(20,0,16,0),(21,0,16,0),(22,0,16,0),(23,0,16,0),(24,0,16,0),(25,0,16,0),(26,0,16,0),(27,0,16,0),(28,0,16,0),(29,0,16,0),(30,0,16,0),(31,0,16,0),(32,0,16,0),(33,0,16,0),(34,0,16,0),(2,0,17,0),(3,0,17,0),(4,0,17,0),(5,0,17,0),(6,0,17,0),(7,0,17,0),(8,0,17,0),(9,0,17,0),(10,0,17,0),(11,0,17,0),(12,0,17,0),(13,0,17,0),(14,0,17,0),(15,0,17,0),(16,0,17,0),(17,0,17,0),(18,0,17,0),(19,0,17,0),(20,0,17,0),(21,0,17,0),(22,0,17,0),(23,0,17,0),(24,0,17,0),(25,0,17,0),(26,0,17,0),(27,0,17,0),(28,0,17,0),(29,0,17,0),(30,0,17,0),(31,0,17,0),(32,0,17,0),(33,0,17,0),(34,0,17,0),(2,0,18,0),(3,0,18,0),(4,0,18,0),(5,0,18,0),(6,0,18,0),(7,0,18,0),(8,0,18,0),(9,0,18,0),(10,0,18,0),(11,0,18,0),(12,0,18,0),(13,0,18,0),(14,0,18,0),(15,0,18,0),(16,0,18,0),(17,0,18,0),(18,0,18,0),(19,0,18,0),(20,0,18,0),(21,0,18,0),(22,0,18,0),(23,0,18,0),(24,0,18,0),(25,0,18,0),(26,0,18,0),(27,0,18,0),(28,0,18,0),(29,0,18,0),(30,0,18,0),(31,0,18,0),(32,0,18,0),(33,0,18,0),(34,0,18,0),(2,0,19,0),(3,0,19,0),(4,0,19,0),(5,0,19,0),(6,0,19,0),(7,0,19,0),(8,0,19,0),(9,0,19,0),(10,0,19,0),(11,0,19,0),(12,0,19,0),(13,0,19,0),(14,0,19,0),(15,0,19,0),(16,0,19,0),(17,0,19,0),(18,0,19,0),(19,0,19,0),(20,0,19,0),(21,0,19,0),(22,0,19,0),(23,0,19,0),(24,0,19,0),(25,0,19,0),(26,0,19,0),(27,0,19,0),(28,0,19,0),(29,0,19,0),(30,0,19,0),(31,0,19,0),(32,0,19,0),(33,0,19,0),(34,0,19,0),(2,0,20,0),(3,0,20,0),(4,0,20,0),(5,0,20,0),(6,0,20,0),(7,0,20,0),(8,0,20,0),(9,0,20,0),(10,0,20,0),(11,0,20,0),(12,0,20,0),(13,0,20,0),(14,0,20,0),(15,0,20,0),(16,0,20,0),(17,0,20,0),(18,0,20,0),(19,0,20,0),(20,0,20,0),(21,0,20,0),(22,0,20,0),(23,0,20,0),(24,0,20,0),(25,0,20,0),(26,0,20,0),(27,0,20,0),(28,0,20,0),(29,0,20,0),(30,0,20,0),(31,0,20,0),(32,0,20,0),(33,0,20,0),(34,0,20,0),(2,0,21,0),(3,0,21,0),(4,0,21,0),(5,0,21,0),(6,0,21,0),(7,0,21,0),(8,0,21,0),(9,0,21,0),(10,0,21,0),(11,0,21,0),(12,0,21,0),(13,0,21,0),(14,0,21,0),(15,0,21,0),(16,0,21,0),(17,0,21,0),(18,0,21,0),(19,0,21,0),(20,0,21,0),(21,0,21,0),(22,0,21,0),(23,0,21,0),(24,0,21,0),(25,0,21,0),(26,0,21,0),(27,0,21,0),(28,0,21,0),(29,0,21,0),(30,0,21,0),(31,0,21,0),(32,0,21,0),(33,0,21,0),(34,0,21,0),(2,0,22,0),(3,0,22,0),(4,0,22,0),(5,0,22,0),(6,0,22,0),(7,0,22,0),(8,0,22,0),(9,0,22,0),(10,0,22,0),(11,0,22,0),(12,0,22,0),(13,0,22,0),(14,0,22,0),(15,0,22,0),(16,0,22,0),(17,0,22,0),(18,0,22,0),(19,0,22,0),(20,0,22,0),(21,0,22,0),(22,0,22,0),(23,0,22,0),(24,0,22,0),(25,0,22,0),(26,0,22,0),(27,0,22,0),(28,0,22,0),(29,0,22,0),(30,0,22,0),(31,0,22,0),(32,0,22,0),(33,0,22,0),(34,0,22,0),(2,0,23,0),(3,0,23,0),(4,0,23,0),(5,0,23,0),(6,0,23,0),(7,0,23,0),(8,0,23,0),(9,0,23,0),(10,0,23,0),(11,0,23,0),(12,0,23,0),(13,0,23,0),(14,0,23,0),(15,0,23,0),(16,0,23,0),(17,0,23,0),(18,0,23,0),(19,0,23,0),(20,0,23,0),(21,0,23,0),(22,0,23,0),(23,0,23,0),(24,0,23,0),(25,0,23,0),(26,0,23,0),(27,0,23,0),(28,0,23,0),(29,0,23,0),(30,0,23,0),(31,0,23,0),(32,0,23,0),(33,0,23,0),(34,0,23,0),(2,0,24,0),(3,0,24,0),(4,0,24,0),(5,0,24,0),(6,0,24,0),(7,0,24,0),(8,0,24,0),(9,0,24,0),(10,0,24,0),(11,0,24,0),(12,0,24,0),(13,0,24,0),(14,0,24,0),(15,0,24,0),(16,0,24,0),(17,0,24,0),(18,0,24,0),(19,0,24,0),(20,0,24,0),(21,0,24,0),(22,0,24,0),(23,0,24,0),(24,0,24,0),(25,0,24,0),(26,0,24,0),(27,0,24,0),(28,0,24,0),(29,0,24,0),(30,0,24,0),(31,0,24,0),(32,0,24,0),(33,0,24,0),(34,0,24,0),(2,0,25,0),(3,0,25,0),(4,0,25,0),(5,0,25,0),(6,0,25,0),(7,0,25,0),(8,0,25,0),(9,0,25,0),(10,0,25,0),(11,0,25,0),(12,0,25,0),(13,0,25,0),(14,0,25,0),(15,0,25,0),(16,0,25,0),(17,0,25,0),(18,0,25,0),(19,0,25,0),(20,0,25,0),(21,0,25,0),(22,0,25,0),(23,0,25,0),(24,0,25,0),(25,0,25,0),(26,0,25,0),(27,0,25,0),(28,0,25,0),(29,0,25,0),(30,0,25,0),(31,0,25,0),(32,0,25,0),(33,0,25,0),(34,0,25,0),(2,0,26,0),(3,0,26,0),(4,0,26,0),(5,0,26,0),(6,0,26,0),(7,0,26,0),(8,0,26,0),(9,0,26,0),(10,0,26,0),(11,0,26,0),(12,0,26,0),(13,0,26,0),(14,0,26,0),(15,0,26,0),(16,0,26,0),(17,0,26,0),(18,0,26,0),(19,0,26,0),(20,0,26,0),(21,0,26,0),(22,0,26,0),(23,0,26,0),(24,0,26,0),(25,0,26,0),(26,0,26,0),(27,0,26,0),(28,0,26,0),(29,0,26,0),(30,0,26,0),(31,0,26,0),(32,0,26,0),(33,0,26,0),(34,0,26,0),(2,0,27,0),(3,0,27,0),(4,0,27,0),(5,0,27,0),(6,0,27,0),(7,0,27,0),(8,0,27,0),(9,0,27,0),(10,0,27,0),(11,0,27,0),(12,0,27,0),(13,0,27,0),(14,0,27,0),(15,0,27,0),(16,0,27,0),(17,0,27,0),(18,0,27,0),(19,0,27,0),(20,0,27,0),(21,0,27,0),(22,0,27,0),(23,0,27,0),(24,0,27,0),(25,0,27,0),(26,0,27,0),(27,0,27,0),(28,0,27,0),(29,0,27,0),(30,0,27,0),(31,0,27,0),(32,0,27,0),(33,0,27,0),(34,0,27,0),(2,0,28,0),(3,0,28,0),(4,0,28,0),(5,0,28,0),(6,0,28,0),(7,0,28,0),(8,0,28,0),(9,0,28,0),(10,0,28,0),(11,0,28,0),(12,0,28,0),(13,0,28,0),(14,0,28,0),(15,0,28,0),(16,0,28,0),(17,0,28,0),(18,0,28,0),(19,0,28,0),(20,0,28,0),(21,0,28,0),(22,0,28,0),(23,0,28,0),(24,0,28,0),(25,0,28,0),(26,0,28,0),(27,0,28,0),(28,0,28,0),(29,0,28,0),(30,0,28,0),(31,0,28,0),(32,0,28,0),(33,0,28,0),(34,0,28,0),(2,0,29,0),(3,0,29,0),(4,0,29,0),(5,0,29,0),(6,0,29,0),(7,0,29,0),(8,0,29,0),(9,0,29,0),(10,0,29,0),(11,0,29,0),(12,0,29,0),(13,0,29,0),(14,0,29,0),(15,0,29,0),(16,0,29,0),(17,0,29,0),(18,0,29,0),(19,0,29,0),(20,0,29,0),(21,0,29,0),(22,0,29,0),(23,0,29,0),(24,0,29,0),(25,0,29,0),(26,0,29,0),(27,0,29,0),(28,0,29,0),(29,0,29,0),(30,0,29,0),(31,0,29,0),(32,0,29,0),(33,0,29,0),(34,0,29,0),(2,0,30,0),(3,0,30,0),(4,0,30,0),(5,0,30,0),(6,0,30,0),(7,0,30,0),(8,0,30,0),(9,0,30,0),(10,0,30,0),(11,0,30,0),(12,0,30,0),(13,0,30,0),(14,0,30,0),(15,0,30,0),(16,0,30,0),(17,0,30,0),(18,0,30,0),(19,0,30,0),(20,0,30,0),(21,0,30,0),(22,0,30,0),(23,0,30,0),(24,0,30,0),(25,0,30,0),(26,0,30,0),(27,0,30,0),(28,0,30,0),(29,0,30,0),(30,0,30,0),(31,0,30,0),(32,0,30,0),(33,0,30,0),(34,0,30,0),(2,0,31,0),(3,0,31,0),(4,0,31,0),(5,0,31,0),(6,0,31,0),(7,0,31,0),(8,0,31,0),(9,0,31,0),(10,0,31,0),(11,0,31,0),(12,0,31,0),(13,0,31,0),(14,0,31,0),(15,0,31,0),(16,0,31,0),(17,0,31,0),(18,0,31,0),(19,0,31,0),(20,0,31,0),(21,0,31,0),(22,0,31,0),(23,0,31,0),(24,0,31,0),(25,0,31,0),(26,0,31,0),(27,0,31,0),(28,0,31,0),(29,0,31,0),(30,0,31,0),(31,0,31,0),(32,0,31,0),(33,0,31,0),(34,0,31,0),(2,0,32,0),(3,0,32,0),(4,0,32,0),(5,0,32,0),(6,0,32,0),(7,0,32,0),(8,0,32,0),(9,0,32,0),(10,0,32,0),(11,0,32,0),(12,0,32,0),(13,0,32,0),(14,0,32,0),(15,0,32,0),(16,0,32,0),(17,0,32,0),(18,0,32,0),(19,0,32,0),(20,0,32,0),(21,0,32,0),(22,0,32,0),(23,0,32,0),(24,0,32,0),(25,0,32,0),(26,0,32,0),(27,0,32,0),(28,0,32,0),(29,0,32,0),(30,0,32,0),(31,0,32,0),(32,0,32,0),(33,0,32,0),(34,0,32,0),(2,0,33,0),(3,0,33,0),(4,0,33,0),(5,0,33,0),(6,0,33,0),(7,0,33,0),(8,0,33,0),(9,0,33,0),(10,0,33,0),(11,0,33,0),(12,0,33,0),(13,0,33,0),(14,0,33,0),(15,0,33,0),(16,0,33,0),(17,0,33,0),(18,0,33,0),(19,0,33,0),(20,0,33,0),(21,0,33,0),(22,0,33,0),(23,0,33,0),(24,0,33,0),(25,0,33,0),(26,0,33,0),(27,0,33,0),(28,0,33,0),(29,0,33,0),(30,0,33,0),(31,0,33,0),(32,0,33,0),(33,0,33,0),(34,0,33,0),(2,0,34,0),(3,0,34,0),(4,0,34,0),(5,0,34,0),(6,0,34,0),(7,0,34,0),(8,0,34,0),(9,0,34,0),(10,0,34,0),(11,0,34,0),(12,0,34,0),(13,0,34,0),(14,0,34,0),(15,0,34,0),(16,0,34,0),(17,0,34,0),(18,0,34,0),(19,0,34,0),(20,0,34,0),(21,0,34,0),(22,0,34,0),(23,0,34,0),(24,0,34,0),(25,0,34,0),(26,0,34,0),(27,0,34,0),(28,0,34,0),(29,0,34,0),(30,0,34,0),(31,0,34,0),(32,0,34,0),(33,0,34,0),(34,0,34,0),(2,0,35,0),(3,0,35,0),(4,0,35,0),(5,0,35,0),(6,0,35,0),(7,0,35,0),(8,0,35,0),(9,0,35,0),(10,0,35,0),(11,0,35,0),(12,0,35,0),(13,0,35,0),(14,0,35,0),(15,0,35,0),(16,0,35,0),(17,0,35,0),(18,0,35,0),(19,0,35,0),(20,0,35,0),(21,0,35,0),(22,0,35,0),(23,0,35,0),(24,0,35,0),(25,0,35,0),(26,0,35,0),(27,0,35,0),(28,0,35,0),(29,0,35,0),(30,0,35,0),(31,0,35,0),(32,0,35,0),(33,0,35,0),(34,0,35,0),(2,0,36,0),(3,0,36,0),(4,0,36,0),(5,0,36,0),(6,0,36,0),(7,0,36,0),(8,0,36,0),(9,0,36,0),(10,0,36,0),(11,0,36,0),(12,0,36,0),(13,0,36,0),(14,0,36,0),(15,0,36,0),(16,0,36,0),(17,0,36,0),(18,0,36,0),(19,0,36,0),(20,0,36,0),(21,0,36,0),(22,0,36,0),(23,0,36,0),(24,0,36,0),(25,0,36,0),(26,0,36,0),(27,0,36,0),(28,0,36,0),(29,0,36,0),(30,0,36,0),(31,0,36,0),(32,0,36,0),(33,0,36,0),(34,0,36,0),(2,0,37,0),(3,0,37,0),(4,0,37,0),(5,0,37,0),(6,0,37,0),(7,0,37,0),(8,0,37,0),(9,0,37,0),(10,0,37,0),(11,0,37,0),(12,0,37,0),(13,0,37,0),(14,0,37,0),(15,0,37,0),(16,0,37,0),(17,0,37,0),(18,0,37,0),(19,0,37,0),(20,0,37,0),(21,0,37,0),(22,0,37,0),(23,0,37,0),(24,0,37,0),(25,0,37,0),(26,0,37,0),(27,0,37,0),(28,0,37,0),(29,0,37,0),(30,0,37,0),(31,0,37,0),(32,0,37,0),(33,0,37,0),(34,0,37,0),(2,0,38,0),(3,0,38,0),(4,0,38,0),(5,0,38,0),(6,0,38,0),(7,0,38,0),(8,0,38,0),(9,0,38,0),(10,0,38,0),(11,0,38,0),(12,0,38,0),(13,0,38,0),(14,0,38,0),(15,0,38,0),(16,0,38,0),(17,0,38,0),(18,0,38,0),(19,0,38,0),(20,0,38,0),(21,0,38,0),(22,0,38,0),(23,0,38,0),(24,0,38,0),(25,0,38,0),(26,0,38,0),(27,0,38,0),(28,0,38,0),(29,0,38,0),(30,0,38,0),(31,0,38,0),(32,0,38,0),(33,0,38,0),(34,0,38,0),(2,0,39,0),(3,0,39,0),(4,0,39,0),(5,0,39,0),(6,0,39,0),(7,0,39,0),(8,0,39,0),(9,0,39,0),(10,0,39,0),(11,0,39,0),(12,0,39,0),(13,0,39,0),(14,0,39,0),(15,0,39,0),(16,0,39,0),(17,0,39,0),(18,0,39,0),(19,0,39,0),(20,0,39,0),(21,0,39,0),(22,0,39,0),(23,0,39,0),(24,0,39,0),(25,0,39,0),(26,0,39,0),(27,0,39,0),(28,0,39,0),(29,0,39,0),(30,0,39,0),(31,0,39,0),(32,0,39,0),(33,0,39,0),(34,0,39,0),(2,0,40,0),(3,0,40,0),(4,0,40,0),(5,0,40,0),(6,0,40,0),(7,0,40,0),(8,0,40,0),(9,0,40,0),(10,0,40,0),(11,0,40,0),(12,0,40,0),(13,0,40,0),(14,0,40,0),(15,0,40,0),(16,0,40,0),(17,0,40,0),(18,0,40,0),(19,0,40,0),(20,0,40,0),(21,0,40,0),(22,0,40,0),(23,0,40,0),(24,0,40,0),(25,0,40,0),(26,0,40,0),(27,0,40,0),(28,0,40,0),(29,0,40,0),(30,0,40,0),(31,0,40,0),(32,0,40,0),(33,0,40,0),(34,0,40,0),(2,0,41,0),(3,0,41,0),(4,0,41,0),(5,0,41,0),(6,0,41,0),(7,0,41,0),(8,0,41,0),(9,0,41,0),(10,0,41,0),(11,0,41,0),(12,0,41,0),(13,0,41,0),(14,0,41,0),(15,0,41,0),(16,0,41,0),(17,0,41,0),(18,0,41,0),(19,0,41,0),(20,0,41,0),(21,0,41,0),(22,0,41,0),(23,0,41,0),(24,0,41,0),(25,0,41,0),(26,0,41,0),(27,0,41,0),(28,0,41,0),(29,0,41,0),(30,0,41,0),(31,0,41,0),(32,0,41,0),(33,0,41,0),(34,0,41,0),(2,0,42,0),(3,0,42,0),(4,0,42,0),(5,0,42,0),(6,0,42,0),(7,0,42,0),(8,0,42,0),(9,0,42,0),(10,0,42,0),(11,0,42,0),(12,0,42,0),(13,0,42,0),(14,0,42,0),(15,0,42,0),(16,0,42,0),(17,0,42,0),(18,0,42,0),(19,0,42,0),(20,0,42,0),(21,0,42,0),(22,0,42,0),(23,0,42,0),(24,0,42,0),(25,0,42,0),(26,0,42,0),(27,0,42,0),(28,0,42,0),(29,0,42,0),(30,0,42,0),(31,0,42,0),(32,0,42,0),(33,0,42,0),(34,0,42,0);
/*!40000 ALTER TABLE `character_vault` ENABLE KEYS */;
UNLOCK TABLES;

--
-- Table structure for table `city`
--

DROP TABLE IF EXISTS `city`;
/*!40101 SET @saved_cs_client     = @@character_set_client */;
/*!50503 SET character_set_client = utf8mb4 */;
CREATE TABLE `city` (
  `id` int unsigned NOT NULL AUTO_INCREMENT,
  `city_name` varchar(50) NOT NULL,
  PRIMARY KEY (`id`)
) ENGINE=InnoDB AUTO_INCREMENT=2 DEFAULT CHARSET=utf8mb3;
/*!40101 SET character_set_client = @saved_cs_client */;

--
-- Dumping data for table `city`
--

LOCK TABLES `city` WRITE;
/*!40000 ALTER TABLE `city` DISABLE KEYS */;
INSERT INTO `city` VALUES (1,'Ullathorpe');
/*!40000 ALTER TABLE `city` ENABLE KEYS */;
UNLOCK TABLES;

--
-- Table structure for table `guild`
--

DROP TABLE IF EXISTS `guild`;
/*!40101 SET @saved_cs_client     = @@character_set_client */;
/*!50503 SET character_set_client = utf8mb4 */;
CREATE TABLE `guild` (
  `id` int unsigned NOT NULL AUTO_INCREMENT,
  `guild_name` varchar(30) NOT NULL,
  `created_at` timestamp NOT NULL DEFAULT CURRENT_TIMESTAMP,
  PRIMARY KEY (`id`)
) ENGINE=InnoDB DEFAULT CHARSET=utf8mb3;
/*!40101 SET character_set_client = @saved_cs_client */;

--
-- Dumping data for table `guild`
--

LOCK TABLES `guild` WRITE;
/*!40000 ALTER TABLE `guild` DISABLE KEYS */;
/*!40000 ALTER TABLE `guild` ENABLE KEYS */;
UNLOCK TABLES;

--
-- Table structure for table `guild_member`
--

DROP TABLE IF EXISTS `guild_member`;
/*!40101 SET @saved_cs_client     = @@character_set_client */;
/*!50503 SET character_set_client = utf8mb4 */;
CREATE TABLE `guild_member` (
  `guild_id` int unsigned NOT NULL,
  `character_id` int unsigned NOT NULL,
  `created_at` timestamp NOT NULL,
  `vote` int DEFAULT NULL,
  PRIMARY KEY (`guild_id`,`character_id`),
  KEY `fk_guild_has_character_guild1_idx` (`guild_id`),
  KEY `fk_guild_has_character_character1_idx` (`character_id`)
) ENGINE=InnoDB DEFAULT CHARSET=utf8mb3;
/*!40101 SET character_set_client = @saved_cs_client */;

--
-- Dumping data for table `guild_member`
--

LOCK TABLES `guild_member` WRITE;
/*!40000 ALTER TABLE `guild_member` DISABLE KEYS */;
/*!40000 ALTER TABLE `guild_member` ENABLE KEYS */;
UNLOCK TABLES;

--
-- Table structure for table `guild_relationship`
--

DROP TABLE IF EXISTS `guild_relationship`;
/*!40101 SET @saved_cs_client     = @@character_set_client */;
/*!50503 SET character_set_client = utf8mb4 */;
CREATE TABLE `guild_relationship` (
  `guild1_id` int unsigned NOT NULL,
  `guild2_id` int unsigned NOT NULL,
  `accepted` tinyint NOT NULL,
  `status` tinyint NOT NULL,
  PRIMARY KEY (`guild1_id`,`guild2_id`),
  KEY `fk_guild_relationship_guild1_idx` (`guild1_id`),
  KEY `fk_guild_relationship_guild2_idx` (`guild2_id`)
) ENGINE=InnoDB DEFAULT CHARSET=utf8mb3;
/*!40101 SET character_set_client = @saved_cs_client */;

--
-- Dumping data for table `guild_relationship`
--

LOCK TABLES `guild_relationship` WRITE;
/*!40000 ALTER TABLE `guild_relationship` DISABLE KEYS */;
/*!40000 ALTER TABLE `guild_relationship` ENABLE KEYS */;
UNLOCK TABLES;

--
-- Table structure for table `guild_request`
--

DROP TABLE IF EXISTS `guild_request`;
/*!40101 SET @saved_cs_client     = @@character_set_client */;
/*!50503 SET character_set_client = utf8mb4 */;
CREATE TABLE `guild_request` (
  `guild_id` int unsigned NOT NULL,
  `character_id` int unsigned NOT NULL,
  `created_at` timestamp NOT NULL DEFAULT CURRENT_TIMESTAMP,
  PRIMARY KEY (`guild_id`,`character_id`),
  KEY `fk_guild_request_guild1_idx` (`guild_id`),
  KEY `fk_guild_request_character1_idx` (`character_id`)
) ENGINE=InnoDB DEFAULT CHARSET=utf8mb3;
/*!40101 SET character_set_client = @saved_cs_client */;

--
-- Dumping data for table `guild_request`
--

LOCK TABLES `guild_request` WRITE;
/*!40000 ALTER TABLE `guild_request` DISABLE KEYS */;
/*!40000 ALTER TABLE `guild_request` ENABLE KEYS */;
UNLOCK TABLES;

--
-- Table structure for table `house`
--

DROP TABLE IF EXISTS `house`;
/*!40101 SET @saved_cs_client     = @@character_set_client */;
/*!50503 SET character_set_client = utf8mb4 */;
CREATE TABLE `house` (
  `id` int unsigned NOT NULL AUTO_INCREMENT,
  `account_id` int unsigned DEFAULT NULL,
  `house_name` varchar(50) NOT NULL,
  `city_id` int unsigned NOT NULL,
  `assgined_at` timestamp NULL DEFAULT NULL,
  `door` int unsigned NOT NULL,
  `object_index` int NOT NULL,
  PRIMARY KEY (`id`),
  KEY `fk_house_account1_idx` (`account_id`),
  KEY `fk_house_city1_idx` (`city_id`)
) ENGINE=InnoDB DEFAULT CHARSET=utf8mb3;
/*!40101 SET character_set_client = @saved_cs_client */;

--
-- Dumping data for table `house`
--

LOCK TABLES `house` WRITE;
/*!40000 ALTER TABLE `house` DISABLE KEYS */;
/*!40000 ALTER TABLE `house` ENABLE KEYS */;
UNLOCK TABLES;

--
-- Table structure for table `login_log`
--

DROP TABLE IF EXISTS `login_log`;
/*!40101 SET @saved_cs_client     = @@character_set_client */;
/*!50503 SET character_set_client = utf8mb4 */;
CREATE TABLE `login_log` (
  `id` int unsigned NOT NULL AUTO_INCREMENT,
  `account_id` int unsigned NOT NULL,
  `character_id` int unsigned DEFAULT NULL,
  `ip` varchar(16) NOT NULL,
  `created_at` timestamp NOT NULL DEFAULT CURRENT_TIMESTAMP,
  `ended_at` timestamp NULL DEFAULT NULL,
  PRIMARY KEY (`id`),
  KEY `fk_login_log_account1_idx` (`account_id`),
  KEY `fk_login_log_character1_idx` (`character_id`)
) ENGINE=InnoDB AUTO_INCREMENT=883 DEFAULT CHARSET=utf8mb3;
/*!40101 SET character_set_client = @saved_cs_client */;

--
-- Dumping data for table `login_log`
--

LOCK TABLES `login_log` WRITE;
/*!40000 ALTER TABLE `login_log` DISABLE KEYS */;
INSERT INTO `login_log` VALUES (4,1,2,'127.0.0.1','2022-07-28 02:43:23',NULL),(5,1,2,'127.0.0.1','2022-07-28 02:44:30',NULL),(6,1,2,'127.0.0.1','2022-07-28 02:46:02','2022-07-28 02:46:12'),(7,1,2,'127.0.0.1','2022-07-28 02:47:04','2022-07-28 02:47:15'),(8,1,2,'127.0.0.1','2022-07-28 02:47:19','2022-07-28 02:47:54'),(9,1,2,'127.0.0.1','2022-07-28 02:47:57','2022-07-28 02:48:10'),(10,1,2,'127.0.0.1','2022-07-28 02:48:37',NULL),(11,1,2,'127.0.0.1','2022-07-28 02:51:11','2022-07-28 02:52:22'),(12,1,2,'127.0.0.1','2022-07-28 02:52:27','2022-07-28 02:52:39'),(13,1,2,'127.0.0.1','2022-07-28 02:52:43','2022-07-28 02:53:50'),(14,1,2,'127.0.0.1','2022-07-28 02:54:42',NULL),(15,1,2,'127.0.0.1','2022-07-28 02:57:25',NULL),(16,1,2,'127.0.0.1','2022-07-28 02:59:51','2022-07-28 02:59:57'),(17,1,2,'127.0.0.1','2022-07-28 02:59:59','2022-07-28 03:00:03'),(18,1,2,'127.0.0.1','2022-07-28 03:00:05','2022-07-28 03:01:23'),(19,1,2,'127.0.0.1','2022-07-28 03:01:27','2022-07-28 03:01:33'),(20,1,2,'127.0.0.1','2022-07-28 03:01:35','2022-07-28 03:01:38'),(21,1,2,'127.0.0.1','2022-07-28 03:01:40','2022-07-28 03:02:25'),(22,1,2,'127.0.0.1','2022-07-28 03:19:57','2022-07-28 03:20:27'),(23,1,2,'127.0.0.1','2022-07-28 03:20:49','2022-07-28 03:21:58'),(24,1,2,'127.0.0.1','2022-07-28 03:22:21','2022-07-28 03:23:02'),(25,1,2,'127.0.0.1','2022-07-28 03:23:07','2022-07-28 03:24:23'),(26,1,2,'127.0.0.1','2022-07-28 03:24:35',NULL),(27,1,2,'127.0.0.1','2022-07-28 03:25:25',NULL),(28,1,2,'127.0.0.1','2022-07-28 03:26:29',NULL),(29,1,2,'127.0.0.1','2022-07-28 03:28:09',NULL),(30,1,2,'127.0.0.1','2022-07-28 03:29:37',NULL),(31,1,2,'127.0.0.1','2022-07-28 03:31:02',NULL),(32,1,2,'127.0.0.1','2022-07-28 03:31:38','2022-07-28 03:31:48'),(33,1,2,'127.0.0.1','2022-07-28 03:32:02',NULL),(34,1,2,'127.0.0.1','2022-07-28 03:32:35',NULL),(35,1,2,'127.0.0.1','2022-07-28 03:32:40',NULL),(36,1,2,'127.0.0.1','2022-07-28 03:33:22',NULL),(37,1,2,'127.0.0.1','2022-07-28 03:33:34',NULL),(38,1,2,'127.0.0.1','2022-07-28 03:34:09',NULL),(39,1,2,'127.0.0.1','2022-07-28 03:34:40',NULL),(40,1,2,'127.0.0.1','2022-07-28 03:36:00','2022-07-28 03:36:33'),(41,1,2,'127.0.0.1','2022-07-28 03:36:36','2022-07-28 03:37:03'),(42,1,2,'127.0.0.1','2022-07-28 03:52:21',NULL),(43,1,2,'127.0.0.1','2022-07-28 03:54:53','2022-07-28 03:55:30'),(44,1,2,'127.0.0.1','2022-07-28 03:56:48','2022-07-28 03:56:59'),(45,1,2,'127.0.0.1','2022-07-28 03:57:06','2022-07-28 03:57:14'),(46,1,2,'127.0.0.1','2022-07-28 03:57:16',NULL),(47,1,2,'127.0.0.1','2022-07-28 03:58:23',NULL),(48,1,2,'127.0.0.1','2022-07-28 04:03:52','2022-07-28 04:04:35'),(49,1,2,'127.0.0.1','2022-07-28 04:04:38',NULL),(50,1,2,'127.0.0.1','2022-07-28 04:10:38','2022-07-28 04:10:46'),(51,1,2,'127.0.0.1','2022-07-28 04:11:06',NULL),(52,1,2,'127.0.0.1','2022-07-28 04:13:20',NULL),(53,1,2,'127.0.0.1','2022-07-28 04:14:15','2022-07-28 04:14:25'),(54,1,2,'127.0.0.1','2022-07-28 04:14:28','2022-07-28 04:14:38'),(55,1,2,'127.0.0.1','2022-07-28 04:14:40',NULL),(56,1,2,'127.0.0.1','2022-07-28 04:23:34','2022-07-28 04:23:39'),(57,1,2,'127.0.0.1','2022-07-28 04:24:05','2022-07-28 04:24:13'),(58,1,2,'127.0.0.1','2022-07-28 15:54:17','2022-07-28 15:54:36'),(59,2,2,'127.0.0.1','2022-07-28 16:57:41',NULL),(60,2,2,'127.0.0.1','2022-07-28 16:57:41','2022-07-28 17:09:10'),(61,2,2,'127.0.0.1','2022-07-28 19:28:59','2022-07-28 19:31:56'),(62,2,2,'127.0.0.1','2022-07-28 19:31:59','2022-07-28 19:32:09'),(63,2,3,'127.0.0.1','2022-07-28 19:32:11',NULL),(64,2,3,'127.0.0.1','2022-07-28 19:34:17',NULL),(65,2,2,'127.0.0.1','2022-07-28 19:40:01',NULL),(72,2,2,'127.0.0.1','2022-07-28 19:40:55',NULL),(73,2,2,'127.0.0.1','2022-07-28 19:44:17',NULL),(74,2,2,'127.0.0.1','2022-07-28 19:44:46',NULL),(75,2,2,'127.0.0.1','2022-07-28 19:48:50',NULL),(76,2,2,'127.0.0.1','2022-07-28 19:49:49',NULL),(77,2,2,'127.0.0.1','2022-07-28 19:51:42',NULL),(78,2,2,'127.0.0.1','2022-07-28 19:52:34',NULL),(79,2,2,'127.0.0.1','2022-07-28 20:02:02','2022-07-28 20:02:14'),(80,2,2,'127.0.0.1','2022-07-28 20:02:21','2022-07-28 20:02:30'),(83,2,2,'127.0.0.1','2022-07-28 20:36:19',NULL),(84,2,2,'127.0.0.1','2022-07-28 20:52:16','2022-07-28 20:52:21'),(85,2,2,'127.0.0.1','2022-07-28 20:52:24','2022-07-28 20:54:02'),(86,2,2,'127.0.0.1','2022-07-28 20:59:12','2022-07-28 21:02:07'),(87,2,3,'127.0.0.1','2022-07-28 21:02:09',NULL),(88,2,3,'127.0.0.1','2022-07-28 21:05:50','2022-07-28 21:05:55'),(89,2,3,'127.0.0.1','2022-07-28 21:05:59','2022-07-28 21:06:09'),(90,2,2,'127.0.0.1','2022-07-28 21:06:12','2022-07-28 21:06:38'),(91,1,2,'127.0.0.1','2022-07-28 21:53:04','2022-07-28 21:53:15'),(92,1,2,'127.0.0.1','2022-07-28 21:53:19','2022-07-28 21:53:39'),(93,1,2,'127.0.0.1','2022-07-28 21:53:42','2022-07-28 21:54:12'),(94,1,2,'127.0.0.1','2022-07-28 21:54:16','2022-07-28 21:54:33'),(95,1,2,'127.0.0.1','2022-07-28 21:56:50','2022-07-28 21:56:52'),(96,1,2,'127.0.0.1','2022-07-28 21:56:54','2022-07-28 21:57:24'),(97,1,4,'127.0.0.1','2022-07-28 22:30:07','2022-07-28 22:30:27'),(98,1,5,'127.0.0.1','2022-07-28 22:32:41','2022-07-28 22:33:01'),(99,1,6,'127.0.0.1','2022-07-28 22:33:23','2022-07-28 22:35:08'),(100,1,7,'127.0.0.1','2022-07-28 22:44:59','2022-07-28 22:45:05'),(101,1,8,'127.0.0.1','2022-07-28 22:45:31','2022-07-28 22:45:34'),(102,1,9,'127.0.0.1','2022-07-28 22:46:00','2022-07-28 22:46:04'),(103,1,10,'127.0.0.1','2022-07-28 22:46:22','2022-07-28 22:46:28'),(104,1,11,'127.0.0.1','2022-07-28 22:46:42','2022-07-28 22:46:47'),(105,1,2,'127.0.0.1','2022-07-28 22:47:02','2022-07-28 22:47:16'),(106,1,2,'127.0.0.1','2022-07-29 02:46:26',NULL),(107,1,2,'127.0.0.1','2022-07-29 02:47:15',NULL),(108,1,2,'127.0.0.1','2022-07-29 03:44:52',NULL),(109,1,2,'127.0.0.1','2022-07-29 03:46:42','2022-07-29 04:00:09'),(110,1,2,'127.0.0.1','2022-07-29 13:51:18',NULL),(111,1,2,'127.0.0.1','2022-07-29 13:57:53','2022-07-29 13:58:14'),(112,1,3,'127.0.0.1','2022-07-29 13:58:17','2022-07-29 13:58:47'),(113,1,2,'127.0.0.1','2022-07-29 14:02:48',NULL),(114,1,2,'127.0.0.1','2022-07-29 14:05:46','2022-07-29 14:06:41'),(115,1,2,'127.0.0.1','2022-07-29 17:31:13','2022-07-29 17:31:28'),(116,1,2,'127.0.0.1','2022-07-29 17:41:20',NULL),(117,1,2,'127.0.0.1','2022-07-29 17:48:09','2022-07-29 17:48:56'),(118,3,12,'127.0.0.1','2022-07-29 20:01:26','2022-07-29 20:01:38'),(119,4,13,'127.0.0.1','2022-07-29 21:08:09','2022-07-29 21:08:26'),(120,1,2,'127.0.0.1','2022-07-29 21:09:46','2022-07-29 21:23:11'),(121,1,2,'138.36.220.39','2022-07-29 21:48:45','2022-07-29 21:49:24'),(122,4,14,'138.36.220.39','2022-07-29 21:49:57','2022-07-29 21:51:05'),(123,1,3,'138.36.220.39','2022-07-29 21:51:09','2022-07-29 21:51:28'),(124,1,2,'138.36.220.39','2022-07-29 22:04:57','2022-07-29 22:21:26'),(125,5,15,'37.223.16.57','2022-07-29 22:15:52','2022-07-29 22:20:48'),(126,1,NULL,'138.36.220.39','2022-07-29 22:28:14',NULL),(127,1,2,'138.36.220.39','2022-07-29 22:28:16','2022-07-29 22:29:28'),(128,1,NULL,'138.36.220.39','2022-07-29 22:40:52',NULL),(129,1,2,'138.36.220.39','2022-07-29 22:40:53',NULL),(130,1,NULL,'138.36.220.39','2022-07-29 22:44:47',NULL),(131,1,2,'138.36.220.39','2022-07-29 22:44:48','2022-07-29 22:45:32'),(132,1,NULL,'138.36.220.39','2022-07-29 22:53:02',NULL),(133,1,2,'138.36.220.39','2022-07-29 22:53:04','2022-07-29 22:57:18'),(134,1,NULL,'138.36.220.39','2022-07-30 00:06:05',NULL),(135,1,2,'138.36.220.39','2022-07-30 00:06:06','2022-07-30 00:06:09'),(136,1,NULL,'138.36.220.39','2022-07-30 13:26:37',NULL),(137,1,2,'138.36.220.39','2022-07-30 13:26:38','2022-07-30 13:26:53'),(138,1,NULL,'138.36.220.39','2022-07-30 13:27:26',NULL),(139,1,2,'138.36.220.39','2022-07-30 13:27:27','2022-07-30 13:27:38'),(140,1,NULL,'201.212.30.19','2022-07-30 13:40:50',NULL),(141,1,NULL,'201.212.30.19','2022-07-30 13:40:55',NULL),(142,1,2,'201.212.30.19','2022-07-30 13:40:59','2022-07-30 13:41:19'),(143,1,NULL,'181.168.105.155','2022-07-30 15:26:44',NULL),(144,1,2,'181.168.105.155','2022-07-30 15:26:50','2022-07-30 15:28:01'),(145,1,NULL,'181.168.105.155','2022-07-30 15:28:29',NULL),(146,6,16,'181.168.105.155','2022-07-30 19:02:48','2022-07-30 19:07:47'),(147,1,NULL,'138.36.220.39','2022-07-30 21:33:12',NULL),(148,1,2,'138.36.220.39','2022-07-30 21:33:13','2022-07-30 21:33:30'),(149,7,17,'138.36.220.39','2022-07-30 21:34:51','2022-07-30 21:34:57'),(150,1,NULL,'138.36.220.39','2022-07-30 22:37:19',NULL),(151,1,2,'138.36.220.39','2022-07-30 22:37:20','2022-07-30 22:38:16'),(152,1,NULL,'138.36.220.39','2022-07-30 22:38:40',NULL),(153,1,2,'138.36.220.39','2022-07-30 22:38:42','2022-07-30 22:38:52'),(154,1,NULL,'138.36.220.39','2022-07-30 22:41:11',NULL),(155,1,2,'138.36.220.39','2022-07-30 22:41:12','2022-07-30 22:57:09'),(156,1,NULL,'181.229.56.29','2022-07-30 22:45:42',NULL),(157,8,18,'181.229.56.29','2022-07-30 22:46:56','2022-07-30 22:47:24'),(158,8,NULL,'181.229.56.29','2022-07-30 22:47:37',NULL),(159,8,19,'181.229.56.29','2022-07-30 22:47:57','2022-07-30 23:07:22'),(160,1,NULL,'138.36.220.39','2022-07-30 22:58:41',NULL),(161,1,2,'138.36.220.39','2022-07-30 22:58:42','2022-07-30 23:00:32'),(162,1,NULL,'138.36.220.39','2022-07-30 23:03:44',NULL),(163,1,2,'138.36.220.39','2022-07-30 23:03:45','2022-07-30 23:04:13'),(164,1,NULL,'138.36.220.39','2022-07-30 23:06:51',NULL),(165,1,2,'138.36.220.39','2022-07-30 23:06:52','2022-07-30 23:16:40'),(166,8,NULL,'181.229.56.29','2022-07-30 23:07:24',NULL),(167,8,18,'181.229.56.29','2022-07-30 23:07:26','2022-07-30 23:12:22'),(168,1,NULL,'66.60.33.107','2022-07-30 23:15:57',NULL),(169,9,20,'66.60.33.107','2022-07-30 23:16:42','2022-07-30 23:19:07'),(170,1,NULL,'138.36.220.39','2022-07-30 23:17:23',NULL),(171,1,2,'138.36.220.39','2022-07-30 23:17:24','2022-07-30 23:24:17'),(172,9,NULL,'66.60.33.107','2022-07-30 23:19:22',NULL),(173,9,20,'66.60.33.107','2022-07-30 23:19:23','2022-07-30 23:23:51'),(174,9,NULL,'66.60.33.107','2022-07-30 23:24:25',NULL),(175,9,20,'66.60.33.107','2022-07-30 23:24:26','2022-07-30 23:24:36'),(176,9,NULL,'66.60.33.107','2022-07-30 23:24:37',NULL),(177,9,20,'66.60.33.107','2022-07-30 23:24:39','2022-07-30 23:32:58'),(178,1,NULL,'138.36.220.39','2022-07-30 23:24:48',NULL),(179,1,2,'138.36.220.39','2022-07-30 23:24:49','2022-07-30 23:39:30'),(180,1,NULL,'138.36.220.39','2022-07-30 23:47:51',NULL),(181,1,2,'138.36.220.39','2022-07-30 23:47:53','2022-07-30 23:49:45'),(182,9,NULL,'66.60.33.107','2022-07-31 00:15:12',NULL),(183,9,20,'66.60.33.107','2022-07-31 00:15:13','2022-07-31 00:17:49'),(184,9,NULL,'66.60.33.107','2022-07-31 00:18:57',NULL),(185,9,20,'66.60.33.107','2022-07-31 00:18:58','2022-07-31 02:00:05'),(186,10,21,'181.47.192.168','2022-07-31 00:31:13','2022-07-31 00:36:07'),(187,10,NULL,'181.47.192.168','2022-07-31 00:43:00',NULL),(188,10,21,'181.47.192.168','2022-07-31 00:43:03','2022-07-31 01:13:57'),(189,1,NULL,'138.36.220.39','2022-07-31 13:20:57',NULL),(190,1,2,'138.36.220.39','2022-07-31 13:20:58','2022-07-31 13:21:06'),(191,1,NULL,'138.36.220.39','2022-07-31 13:31:20',NULL),(192,1,NULL,'138.36.220.39','2022-07-31 13:33:31',NULL),(193,1,2,'138.36.220.39','2022-07-31 13:33:34','2022-07-31 13:36:52'),(194,1,NULL,'138.36.220.39','2022-07-31 13:41:53',NULL),(195,1,2,'138.36.220.39','2022-07-31 13:41:54','2022-07-31 13:43:21'),(196,1,NULL,'138.36.220.39','2022-07-31 13:47:02',NULL),(197,1,2,'138.36.220.39','2022-07-31 13:47:03','2022-07-31 13:47:52'),(198,1,NULL,'138.36.220.39','2022-07-31 13:47:59',NULL),(199,1,2,'138.36.220.39','2022-07-31 13:48:00','2022-07-31 13:48:36'),(200,1,NULL,'138.36.220.39','2022-07-31 13:49:01',NULL),(201,1,2,'138.36.220.39','2022-07-31 13:49:02','2022-07-31 13:50:17'),(202,1,NULL,'138.36.220.39','2022-07-31 13:50:37',NULL),(203,1,2,'138.36.220.39','2022-07-31 13:50:38','2022-07-31 13:51:15'),(204,1,NULL,'138.36.220.39','2022-07-31 13:51:29',NULL),(205,1,2,'138.36.220.39','2022-07-31 13:51:30','2022-07-31 13:52:37'),(206,1,NULL,'138.36.220.39','2022-07-31 13:54:48',NULL),(207,1,2,'138.36.220.39','2022-07-31 13:54:49','2022-07-31 13:57:14'),(208,1,NULL,'138.36.220.39','2022-07-31 14:20:45',NULL),(209,1,2,'138.36.220.39','2022-07-31 14:20:46','2022-07-31 14:22:28'),(210,10,NULL,'181.47.192.168','2022-07-31 15:07:42',NULL),(211,10,22,'181.47.192.168','2022-07-31 15:08:56','2022-07-31 20:55:55'),(212,9,NULL,'66.60.33.107','2022-07-31 18:38:38',NULL),(213,9,20,'66.60.33.107','2022-07-31 18:38:39','2022-07-31 18:38:58'),(214,6,NULL,'181.168.105.155','2022-07-31 18:42:49',NULL),(215,6,16,'181.168.105.155','2022-07-31 18:42:52','2022-07-31 18:52:23'),(216,9,NULL,'66.60.33.107','2022-07-31 18:43:10',NULL),(217,9,20,'66.60.33.107','2022-07-31 18:43:11','2022-07-31 20:19:08'),(218,6,NULL,'181.168.105.155','2022-07-31 18:52:55',NULL),(219,6,23,'181.168.105.155','2022-07-31 18:53:27','2022-07-31 18:53:52'),(220,6,NULL,'181.168.105.155','2022-07-31 18:53:53',NULL),(221,6,16,'181.168.105.155','2022-07-31 18:53:54','2022-07-31 18:55:42'),(222,6,NULL,'181.168.105.155','2022-07-31 18:55:44',NULL),(223,6,16,'181.168.105.155','2022-07-31 18:55:45','2022-07-31 18:56:45'),(224,6,NULL,'181.168.105.155','2022-07-31 18:56:47',NULL),(225,6,16,'181.168.105.155','2022-07-31 18:56:47','2022-07-31 18:56:56'),(226,6,NULL,'181.168.105.155','2022-07-31 18:56:57',NULL),(227,6,16,'181.168.105.155','2022-07-31 18:56:58','2022-07-31 19:03:48'),(228,11,NULL,'181.171.241.61','2022-07-31 19:00:43',NULL),(229,11,24,'181.171.241.61','2022-07-31 19:00:55','2022-07-31 19:16:01'),(230,6,NULL,'181.168.105.155','2022-07-31 19:03:49',NULL),(231,6,16,'181.168.105.155','2022-07-31 19:03:50','2022-07-31 19:04:29'),(232,6,NULL,'181.168.105.155','2022-07-31 19:04:45',NULL),(233,6,16,'181.168.105.155','2022-07-31 19:04:46','2022-07-31 19:08:57'),(234,6,NULL,'181.168.105.155','2022-07-31 19:09:08',NULL),(235,6,16,'181.168.105.155','2022-07-31 19:09:11','2022-07-31 19:43:32'),(236,11,NULL,'181.171.241.61','2022-07-31 19:42:02',NULL),(237,11,24,'181.171.241.61','2022-07-31 19:42:03','2022-07-31 19:46:23'),(238,6,NULL,'181.168.105.155','2022-07-31 19:50:03',NULL),(239,6,16,'181.168.105.155','2022-07-31 19:50:05','2022-07-31 20:01:51'),(240,6,NULL,'181.168.105.155','2022-07-31 20:06:14',NULL),(241,6,16,'181.168.105.155','2022-07-31 20:06:15','2022-07-31 21:49:20'),(242,9,NULL,'66.60.33.107','2022-07-31 20:19:10',NULL),(243,9,20,'66.60.33.107','2022-07-31 20:19:10','2022-07-31 21:49:23'),(244,1,NULL,'138.36.220.39','2022-07-31 20:22:24',NULL),(245,1,2,'138.36.220.39','2022-07-31 20:22:25','2022-07-31 20:22:49'),(246,1,NULL,'138.36.220.39','2022-07-31 20:24:17',NULL),(247,1,2,'138.36.220.39','2022-07-31 20:24:18','2022-07-31 20:24:53'),(248,1,NULL,'138.36.220.39','2022-07-31 20:25:42',NULL),(249,1,2,'138.36.220.39','2022-07-31 20:25:43','2022-07-31 20:29:29'),(250,1,NULL,'138.36.220.39','2022-07-31 20:37:30',NULL),(251,1,2,'138.36.220.39','2022-07-31 20:37:31','2022-07-31 20:49:42'),(252,5,NULL,'37.223.16.57','2022-07-31 20:47:22',NULL),(253,5,15,'37.223.16.57','2022-07-31 20:47:24','2022-07-31 20:48:29'),(254,5,NULL,'37.223.16.57','2022-07-31 20:48:33',NULL),(255,5,15,'37.223.16.57','2022-07-31 20:48:34','2022-07-31 21:22:37'),(256,1,NULL,'138.36.220.39','2022-07-31 20:53:58',NULL),(257,1,2,'138.36.220.39','2022-07-31 20:53:59','2022-07-31 21:26:17'),(258,10,NULL,'181.47.192.168','2022-07-31 20:55:58',NULL),(259,10,21,'181.47.192.168','2022-07-31 20:56:00','2022-07-31 21:00:26'),(260,1,NULL,'138.36.220.39','2022-07-31 21:28:22',NULL),(261,1,2,'138.36.220.39','2022-07-31 21:28:23','2022-07-31 21:33:28'),(262,1,NULL,'138.36.220.39','2022-07-31 21:38:33',NULL),(263,1,2,'138.36.220.39','2022-07-31 21:38:34','2022-07-31 21:42:32'),(264,5,NULL,'37.223.16.57','2022-07-31 21:40:30',NULL),(265,5,15,'37.223.16.57','2022-07-31 21:40:31','2022-07-31 23:09:46'),(266,12,25,'83.50.13.65','2022-07-31 21:43:44','2022-07-31 22:54:43'),(267,1,NULL,'138.36.220.39','2022-07-31 21:46:12',NULL),(268,1,2,'138.36.220.39','2022-07-31 21:46:13','2022-07-31 21:55:45'),(269,1,NULL,'138.36.220.39','2022-07-31 22:01:40',NULL),(270,1,2,'138.36.220.39','2022-07-31 22:01:41','2022-07-31 22:28:15'),(271,10,NULL,'181.47.192.168','2022-07-31 22:10:14',NULL),(272,10,21,'181.47.192.168','2022-07-31 22:10:17','2022-07-31 22:11:53'),(273,1,NULL,'138.36.220.39','2022-07-31 22:28:59',NULL),(274,1,2,'138.36.220.39','2022-07-31 22:29:00','2022-07-31 22:31:53'),(275,1,NULL,'138.36.220.39','2022-07-31 22:34:35',NULL),(276,1,2,'138.36.220.39','2022-07-31 22:34:36','2022-07-31 22:35:36'),(277,1,NULL,'138.36.220.39','2022-07-31 22:38:18',NULL),(278,1,2,'138.36.220.39','2022-07-31 22:38:19','2022-07-31 22:38:49'),(279,1,NULL,'138.36.220.39','2022-07-31 22:40:53',NULL),(280,1,2,'138.36.220.39','2022-07-31 22:40:54','2022-07-31 22:41:20'),(281,1,NULL,'138.36.220.39','2022-07-31 22:50:38',NULL),(282,1,2,'138.36.220.39','2022-07-31 22:50:39','2022-07-31 22:55:14'),(283,12,NULL,'83.50.13.65','2022-07-31 22:57:21',NULL),(284,12,25,'83.50.13.65','2022-07-31 22:57:24','2022-07-31 23:16:02'),(285,1,NULL,'138.36.220.39','2022-07-31 22:57:45',NULL),(286,1,2,'138.36.220.39','2022-07-31 22:57:46','2022-07-31 22:58:27'),(287,12,NULL,'83.50.13.65','2022-07-31 23:00:28',NULL),(288,1,NULL,'138.36.220.39','2022-07-31 23:01:18',NULL),(289,1,2,'138.36.220.39','2022-07-31 23:01:19','2022-07-31 23:01:42'),(290,1,NULL,'138.36.220.39','2022-07-31 23:02:00',NULL),(291,1,2,'138.36.220.39','2022-07-31 23:02:01','2022-07-31 23:02:21'),(292,1,NULL,'138.36.220.39','2022-07-31 23:02:51',NULL),(293,1,2,'138.36.220.39','2022-07-31 23:02:51','2022-07-31 23:03:44'),(294,1,NULL,'138.36.220.39','2022-07-31 23:06:22',NULL),(295,1,2,'138.36.220.39','2022-07-31 23:06:23','2022-07-31 23:10:58'),(296,12,NULL,'83.50.13.65','2022-07-31 23:07:25',NULL),(297,12,NULL,'83.50.13.65','2022-07-31 23:09:42',NULL),(298,12,NULL,'83.50.13.65','2022-07-31 23:10:24',NULL),(299,12,NULL,'83.50.13.65','2022-07-31 23:12:34',NULL),(300,12,NULL,'83.50.13.65','2022-07-31 23:13:29',NULL),(301,12,NULL,'83.50.13.65','2022-07-31 23:14:24',NULL),(302,1,NULL,'138.36.220.39','2022-07-31 23:15:39',NULL),(303,1,2,'138.36.220.39','2022-07-31 23:15:40','2022-07-31 23:17:06'),(304,12,NULL,'83.50.13.65','2022-07-31 23:16:46',NULL),(305,12,25,'83.50.13.65','2022-07-31 23:16:48','2022-07-31 23:41:12'),(306,1,NULL,'138.36.220.39','2022-07-31 23:17:49',NULL),(307,1,2,'138.36.220.39','2022-07-31 23:17:50','2022-07-31 23:20:18'),(308,5,NULL,'37.223.16.57','2022-07-31 23:18:55',NULL),(309,5,15,'37.223.16.57','2022-07-31 23:18:57','2022-07-31 23:19:16'),(310,5,NULL,'37.223.16.57','2022-07-31 23:20:02',NULL),(311,5,15,'37.223.16.57','2022-07-31 23:20:04','2022-07-31 23:20:22'),(312,5,NULL,'37.223.16.57','2022-07-31 23:20:37',NULL),(313,5,15,'37.223.16.57','2022-07-31 23:20:41','2022-07-31 23:23:31'),(314,1,NULL,'138.36.220.39','2022-07-31 23:21:52',NULL),(315,1,2,'138.36.220.39','2022-07-31 23:21:53','2022-07-31 23:22:02'),(316,1,NULL,'138.36.220.39','2022-07-31 23:30:05',NULL),(317,1,NULL,'138.36.220.39','2022-07-31 23:32:06',NULL),(318,1,2,'138.36.220.39','2022-07-31 23:32:09','2022-07-31 23:32:16'),(319,5,NULL,'37.223.16.57','2022-07-31 23:34:31',NULL),(320,5,15,'37.223.16.57','2022-07-31 23:34:34','2022-07-31 23:39:53'),(321,12,NULL,'83.50.13.65','2022-07-31 23:43:14',NULL),(322,12,25,'83.50.13.65','2022-07-31 23:43:17','2022-08-01 00:34:09'),(323,1,NULL,'138.36.220.39','2022-07-31 23:43:46',NULL),(324,1,2,'138.36.220.39','2022-07-31 23:43:47','2022-07-31 23:44:40'),(325,5,NULL,'37.223.16.57','2022-07-31 23:44:21',NULL),(326,5,15,'37.223.16.57','2022-07-31 23:44:22','2022-08-01 00:10:08'),(327,5,NULL,'37.223.16.57','2022-08-01 00:27:36',NULL),(328,5,15,'37.223.16.57','2022-08-01 00:27:37','2022-08-01 00:32:17'),(329,12,NULL,'83.50.13.65','2022-08-01 00:34:23',NULL),(330,12,25,'83.50.13.65','2022-08-01 00:34:26','2022-08-01 00:40:46'),(331,12,NULL,'83.50.13.65','2022-08-01 00:35:08',NULL),(332,12,NULL,'83.50.13.65','2022-08-01 00:35:08',NULL),(333,12,NULL,'83.50.13.65','2022-08-01 00:35:56',NULL),(334,12,NULL,'83.50.13.65','2022-08-01 00:38:22',NULL),(335,5,NULL,'83.50.13.65','2022-08-01 00:40:37',NULL),(336,5,15,'83.50.13.65','2022-08-01 00:40:39','2022-08-01 00:40:48'),(337,12,NULL,'83.50.13.65','2022-08-01 00:40:59',NULL),(338,12,25,'83.50.13.65','2022-08-01 00:41:01','2022-08-01 01:49:13'),(339,1,NULL,'138.36.220.39','2022-08-01 02:57:22',NULL),(340,1,2,'138.36.220.39','2022-08-01 02:57:23','2022-08-01 02:57:27'),(341,1,NULL,'138.36.220.39','2022-08-01 03:07:55',NULL),(342,1,2,'138.36.220.39','2022-08-01 03:07:57','2022-08-01 03:08:22'),(343,6,NULL,'181.168.105.155','2022-08-01 06:22:21',NULL),(344,6,16,'181.168.105.155','2022-08-01 06:22:22','2022-08-01 06:28:26'),(345,6,NULL,'181.168.105.155','2022-08-01 06:28:27',NULL),(346,6,16,'181.168.105.155','2022-08-01 06:28:29','2022-08-01 07:10:17'),(347,6,NULL,'181.168.105.155','2022-08-01 07:06:51',NULL),(348,6,23,'181.168.105.155','2022-08-01 07:06:52','2022-08-01 07:10:55'),(349,6,NULL,'181.168.105.155','2022-08-01 07:10:18',NULL),(350,6,16,'181.168.105.155','2022-08-01 07:10:19','2022-08-01 07:12:05'),(351,5,NULL,'37.223.16.57','2022-08-01 10:22:03',NULL),(352,5,15,'37.223.16.57','2022-08-01 10:22:05','2022-08-01 10:26:41'),(353,5,NULL,'37.223.16.57','2022-08-01 10:28:19',NULL),(354,5,15,'37.223.16.57','2022-08-01 10:28:21','2022-08-01 10:29:50'),(355,5,NULL,'37.223.16.57','2022-08-01 14:56:34',NULL),(356,5,15,'37.223.16.57','2022-08-01 14:56:35','2022-08-01 14:57:33'),(357,5,NULL,'37.223.16.57','2022-08-01 14:58:40',NULL),(358,5,15,'37.223.16.57','2022-08-01 14:58:41','2022-08-01 14:59:26'),(359,5,NULL,'37.223.16.57','2022-08-01 15:00:08',NULL),(360,5,15,'37.223.16.57','2022-08-01 15:00:10','2022-08-01 15:02:27'),(361,5,NULL,'37.223.16.57','2022-08-01 15:09:23',NULL),(362,5,15,'37.223.16.57','2022-08-01 15:09:26','2022-08-01 15:13:38'),(363,13,26,'186.57.132.232','2022-08-01 15:34:24','2022-08-01 15:54:18'),(364,13,NULL,'186.57.132.232','2022-08-01 15:54:39',NULL),(365,13,26,'186.57.132.232','2022-08-01 15:54:40','2022-08-01 15:56:22'),(366,13,NULL,'186.57.132.232','2022-08-01 15:56:33',NULL),(367,13,26,'186.57.132.232','2022-08-01 15:56:36','2022-08-01 16:07:33'),(368,13,NULL,'186.57.132.232','2022-08-01 16:07:34',NULL),(369,13,26,'186.57.132.232','2022-08-01 16:07:35',NULL),(370,14,27,'190.49.35.5','2022-08-01 16:07:36','2022-08-01 16:08:45'),(371,14,NULL,'190.49.35.5','2022-08-01 16:09:44',NULL),(372,14,27,'190.49.35.5','2022-08-01 16:09:45','2022-08-01 16:10:07'),(373,13,NULL,'186.57.132.232','2022-08-01 16:09:56',NULL),(374,13,28,'186.57.132.232','2022-08-01 16:10:55','2022-08-01 16:12:53'),(375,14,NULL,'190.49.35.5','2022-08-01 16:11:06',NULL),(376,14,27,'190.49.35.5','2022-08-01 16:11:07','2022-08-01 16:14:38'),(377,13,NULL,'186.57.132.232','2022-08-01 16:13:19',NULL),(378,13,28,'186.57.132.232','2022-08-01 16:13:21','2022-08-01 16:33:11'),(379,14,NULL,'190.49.35.5','2022-08-01 16:14:46',NULL),(380,14,27,'190.49.35.5','2022-08-01 16:14:46','2022-08-01 16:22:19'),(381,14,NULL,'190.49.35.5','2022-08-01 16:24:02',NULL),(382,14,27,'190.49.35.5','2022-08-01 16:24:03','2022-08-01 16:32:28'),(383,13,NULL,'186.57.132.232','2022-08-01 16:33:12',NULL),(384,13,26,'186.57.132.232','2022-08-01 16:33:13',NULL),(385,14,NULL,'190.49.35.5','2022-08-01 16:34:21',NULL),(386,14,27,'190.49.35.5','2022-08-01 16:34:24','2022-08-01 16:46:25'),(387,13,NULL,'186.57.132.232','2022-08-01 16:34:27',NULL),(388,13,28,'186.57.132.232','2022-08-01 16:34:29','2022-08-01 16:34:38'),(389,13,NULL,'186.57.132.232','2022-08-01 16:34:40',NULL),(390,13,NULL,'186.57.132.232','2022-08-01 16:34:57',NULL),(391,13,NULL,'186.57.132.232','2022-08-01 16:35:16',NULL),(392,13,NULL,'186.57.132.232','2022-08-01 16:36:49',NULL),(393,13,28,'186.57.132.232','2022-08-01 16:36:51','2022-08-01 16:37:28'),(394,13,NULL,'186.57.132.232','2022-08-01 16:37:50',NULL),(395,13,28,'186.57.132.232','2022-08-01 16:37:52','2022-08-01 16:45:07'),(396,13,NULL,'186.57.132.232','2022-08-01 16:45:27',NULL),(397,13,28,'186.57.132.232','2022-08-01 16:45:29','2022-08-01 17:25:47'),(398,13,NULL,'186.57.132.232','2022-08-01 17:25:48',NULL),(399,13,28,'186.57.132.232','2022-08-01 17:25:51','2022-08-01 17:32:32'),(400,13,NULL,'186.57.132.232','2022-08-01 17:32:33',NULL),(401,13,28,'186.57.132.232','2022-08-01 17:32:34',NULL),(402,15,29,'181.229.68.252','2022-08-01 17:49:58','2022-08-01 17:57:31'),(403,1,NULL,'138.36.220.39','2022-08-01 18:22:17',NULL),(404,1,2,'138.36.220.39','2022-08-01 18:22:18','2022-08-01 18:22:30'),(405,8,NULL,'181.229.56.29','2022-08-01 19:19:47',NULL),(406,8,19,'181.229.56.29','2022-08-01 19:19:51',NULL),(407,1,NULL,'138.36.220.39','2022-08-01 19:24:14',NULL),(408,1,2,'138.36.220.39','2022-08-01 19:24:15','2022-08-01 19:24:23'),(409,1,NULL,'138.36.220.39','2022-08-01 19:28:10',NULL),(410,1,2,'138.36.220.39','2022-08-01 19:28:12','2022-08-01 19:29:29'),(411,1,NULL,'138.36.220.39','2022-08-01 19:29:31',NULL),(412,1,2,'138.36.220.39','2022-08-01 19:29:33','2022-08-01 19:37:20'),(413,1,NULL,'138.36.220.39','2022-08-01 19:49:12',NULL),(414,1,2,'138.36.220.39','2022-08-01 19:49:14','2022-08-01 19:49:54'),(415,15,NULL,'181.229.68.252','2022-08-01 20:50:36',NULL),(416,15,29,'181.229.68.252','2022-08-01 20:50:37','2022-08-01 20:51:28'),(417,5,NULL,'37.223.16.57','2022-08-01 21:01:24',NULL),(418,5,15,'37.223.16.57','2022-08-01 21:01:26','2022-08-01 21:06:44'),(419,1,NULL,'138.36.220.39','2022-08-01 21:10:10',NULL),(420,1,2,'138.36.220.39','2022-08-01 21:10:12','2022-08-01 21:11:06'),(421,1,NULL,'138.36.220.39','2022-08-01 21:28:31',NULL),(422,1,2,'138.36.220.39','2022-08-01 21:28:32','2022-08-01 21:28:35'),(423,1,NULL,'138.36.220.39','2022-08-01 21:46:02',NULL),(424,1,2,'138.36.220.39','2022-08-01 21:46:03','2022-08-01 21:46:33'),(425,14,NULL,'190.49.35.5','2022-08-01 21:54:17',NULL),(426,14,27,'190.49.35.5','2022-08-01 21:54:18','2022-08-01 21:57:27'),(427,1,NULL,'138.36.220.39','2022-08-01 21:58:10',NULL),(428,13,NULL,'186.57.132.232','2022-08-01 22:13:06',NULL),(429,13,28,'186.57.132.232','2022-08-01 22:13:09',NULL),(430,13,NULL,'186.57.132.232','2022-08-01 22:13:28',NULL),(431,13,28,'186.57.132.232','2022-08-01 22:13:29',NULL),(432,13,NULL,'186.57.132.232','2022-08-01 22:23:45',NULL),(433,13,28,'186.57.132.232','2022-08-01 22:23:47',NULL),(434,13,NULL,'186.57.132.232','2022-08-01 22:27:50',NULL),(435,13,28,'186.57.132.232','2022-08-01 22:27:55',NULL),(436,13,NULL,'186.57.132.232','2022-08-01 22:28:25',NULL),(437,13,28,'186.57.132.232','2022-08-01 22:28:27',NULL),(438,13,NULL,'186.57.132.232','2022-08-01 22:29:54',NULL),(439,13,28,'186.57.132.232','2022-08-01 22:29:56',NULL),(440,13,NULL,'186.57.132.232','2022-08-01 22:37:48',NULL),(441,13,28,'186.57.132.232','2022-08-01 22:37:51',NULL),(442,1,NULL,'138.36.220.39','2022-08-01 22:54:02',NULL),(443,1,2,'138.36.220.39','2022-08-01 22:54:03','2022-08-01 22:54:43'),(444,1,NULL,'138.36.220.39','2022-08-01 22:57:00',NULL),(445,1,2,'138.36.220.39','2022-08-01 22:57:01','2022-08-01 23:01:31'),(446,1,NULL,'138.36.220.39','2022-08-01 23:02:55',NULL),(447,1,2,'138.36.220.39','2022-08-01 23:02:56','2022-08-01 23:05:36'),(448,1,NULL,'138.36.220.39','2022-08-01 23:08:09',NULL),(449,1,2,'138.36.220.39','2022-08-01 23:08:10','2022-08-01 23:09:43'),(450,1,NULL,'138.36.220.39','2022-08-01 23:10:27',NULL),(451,1,2,'138.36.220.39','2022-08-01 23:10:28','2022-08-01 23:10:59'),(452,13,NULL,'186.57.132.232','2022-08-01 23:16:05',NULL),(453,13,28,'186.57.132.232','2022-08-01 23:16:09',NULL),(454,1,NULL,'138.36.220.39','2022-08-01 23:16:27',NULL),(455,1,2,'138.36.220.39','2022-08-01 23:16:28','2022-08-01 23:16:54'),(456,1,NULL,'138.36.220.39','2022-08-01 23:16:56',NULL),(457,1,2,'138.36.220.39','2022-08-01 23:16:57','2022-08-01 23:18:02'),(458,13,NULL,'186.57.132.232','2022-08-01 23:17:20',NULL),(459,1,NULL,'138.36.220.39','2022-08-01 23:18:04',NULL),(460,1,2,'138.36.220.39','2022-08-01 23:18:05','2022-08-01 23:21:19'),(461,15,NULL,'181.229.68.252','2022-08-01 23:19:31',NULL),(462,15,29,'181.229.68.252','2022-08-01 23:19:33','2022-08-01 23:25:57'),(463,13,NULL,'186.57.132.232','2022-08-01 23:19:39',NULL),(464,6,NULL,'181.168.105.155','2022-08-01 23:21:29',NULL),(465,6,16,'181.168.105.155','2022-08-01 23:21:30','2022-08-01 23:21:33'),(466,1,NULL,'138.36.220.39','2022-08-01 23:21:55',NULL),(467,1,2,'138.36.220.39','2022-08-01 23:21:56','2022-08-01 23:22:40'),(468,1,NULL,'138.36.220.39','2022-08-01 23:22:41',NULL),(469,1,2,'138.36.220.39','2022-08-01 23:22:43','2022-08-01 23:22:54'),(470,1,NULL,'138.36.220.39','2022-08-01 23:22:57',NULL),(471,1,2,'138.36.220.39','2022-08-01 23:22:59','2022-08-01 23:23:27'),(472,13,NULL,'186.57.132.232','2022-08-01 23:24:48',NULL),(473,13,28,'186.57.132.232','2022-08-01 23:24:51',NULL),(474,13,NULL,'186.57.132.232','2022-08-01 23:28:12',NULL),(475,13,28,'186.57.132.232','2022-08-01 23:28:15',NULL),(476,13,NULL,'186.57.132.232','2022-08-01 23:30:30',NULL),(477,13,28,'186.57.132.232','2022-08-01 23:30:32',NULL),(478,1,NULL,'138.36.220.39','2022-08-01 23:39:57',NULL),(479,1,2,'138.36.220.39','2022-08-01 23:39:58','2022-08-01 23:40:36'),(480,13,NULL,'138.36.220.39','2022-08-01 23:40:46',NULL),(481,13,28,'138.36.220.39','2022-08-01 23:40:48',NULL),(482,13,NULL,'138.36.220.39','2022-08-01 23:41:13',NULL),(483,13,26,'138.36.220.39','2022-08-01 23:41:15',NULL),(484,13,NULL,'138.36.220.39','2022-08-01 23:43:35',NULL),(485,13,28,'138.36.220.39','2022-08-01 23:43:37','2022-08-01 23:43:50'),(486,1,NULL,'138.36.220.39','2022-08-01 23:44:05',NULL),(487,1,2,'138.36.220.39','2022-08-01 23:44:07','2022-08-01 23:45:47'),(488,13,NULL,'186.57.132.232','2022-08-01 23:44:20',NULL),(489,13,28,'186.57.132.232','2022-08-01 23:44:22','2022-08-02 00:34:40'),(490,1,NULL,'138.36.220.39','2022-08-01 23:45:48',NULL),(491,1,2,'138.36.220.39','2022-08-01 23:45:50','2022-08-01 23:45:54'),(492,1,NULL,'138.36.220.39','2022-08-01 23:46:02',NULL),(493,1,2,'138.36.220.39','2022-08-01 23:46:03','2022-08-01 23:46:19'),(494,1,NULL,'138.36.220.39','2022-08-01 23:46:45',NULL),(495,1,2,'138.36.220.39','2022-08-01 23:46:46','2022-08-01 23:46:59'),(496,1,NULL,'138.36.220.39','2022-08-01 23:47:01',NULL),(497,1,2,'138.36.220.39','2022-08-01 23:47:12','2022-08-01 23:50:43'),(498,1,NULL,'138.36.220.39','2022-08-01 23:51:39',NULL),(499,1,2,'138.36.220.39','2022-08-01 23:51:41','2022-08-02 00:00:56'),(500,13,NULL,'186.57.132.232','2022-08-02 01:12:13',NULL),(501,13,28,'186.57.132.232','2022-08-02 01:12:15','2022-08-02 01:16:19'),(502,1,NULL,'138.36.220.39','2022-08-02 02:25:32',NULL),(503,1,2,'138.36.220.39','2022-08-02 02:25:35',NULL),(504,1,NULL,'138.36.220.39','2022-08-02 02:25:47',NULL),(505,1,2,'138.36.220.39','2022-08-02 02:25:48',NULL),(506,1,3,'138.36.220.39','2022-08-02 02:25:59','2022-08-02 02:26:16'),(507,1,NULL,'138.36.220.39','2022-08-02 02:26:27',NULL),(508,1,2,'138.36.220.39','2022-08-02 02:26:28',NULL),(509,1,7,'138.36.220.39','2022-08-02 02:27:38','2022-08-02 02:27:47'),(510,1,NULL,'138.36.220.39','2022-08-02 02:27:52',NULL),(511,1,2,'138.36.220.39','2022-08-02 02:27:54',NULL),(512,1,NULL,'138.36.220.39','2022-08-02 02:30:43',NULL),(513,1,2,'138.36.220.39','2022-08-02 02:30:52',NULL),(514,1,2,'138.36.220.39','2022-08-02 02:31:08',NULL),(515,1,NULL,'138.36.220.39','2022-08-02 02:32:13',NULL),(516,1,2,'138.36.220.39','2022-08-02 02:32:14',NULL),(517,1,NULL,'138.36.220.39','2022-08-02 02:40:08',NULL),(518,1,2,'138.36.220.39','2022-08-02 02:40:09','2022-08-02 02:41:30'),(519,1,NULL,'138.36.220.39','2022-08-02 02:41:54',NULL),(520,1,2,'138.36.220.39','2022-08-02 02:41:55','2022-08-02 02:42:03'),(521,1,NULL,'138.36.220.39','2022-08-02 02:42:05',NULL),(522,1,2,'138.36.220.39','2022-08-02 02:42:06','2022-08-02 02:42:28'),(523,1,NULL,'138.36.220.39','2022-08-02 02:42:30',NULL),(524,1,2,'138.36.220.39','2022-08-02 02:42:32','2022-08-02 02:42:45'),(525,1,NULL,'138.36.220.39','2022-08-02 02:45:12',NULL),(526,1,2,'138.36.220.39','2022-08-02 02:45:13','2022-08-02 02:45:36'),(527,1,NULL,'138.36.220.39','2022-08-02 02:45:37',NULL),(528,1,2,'138.36.220.39','2022-08-02 02:45:38','2022-08-02 02:47:34'),(529,1,NULL,'138.36.220.39','2022-08-02 02:47:35',NULL),(530,1,2,'138.36.220.39','2022-08-02 02:47:37','2022-08-02 02:49:02'),(531,1,NULL,'138.36.220.39','2022-08-02 02:49:14',NULL),(532,1,2,'138.36.220.39','2022-08-02 02:49:16','2022-08-02 02:49:20'),(533,1,NULL,'138.36.220.39','2022-08-02 02:58:36',NULL),(534,6,NULL,'181.168.105.155','2022-08-02 02:59:58',NULL),(535,6,23,'181.168.105.155','2022-08-02 03:00:00',NULL),(536,6,NULL,'181.168.105.155','2022-08-02 03:01:28',NULL),(537,6,23,'181.168.105.155','2022-08-02 03:01:30',NULL),(538,6,23,'181.168.105.155','2022-08-02 03:01:31',NULL),(539,6,16,'181.168.105.155','2022-08-02 03:01:33','2022-08-02 03:01:36'),(540,6,NULL,'181.168.105.155','2022-08-02 03:01:37',NULL),(541,6,23,'181.168.105.155','2022-08-02 03:01:38','2022-08-02 03:04:02'),(542,1,NULL,'138.36.220.39','2022-08-02 03:01:43',NULL),(543,1,2,'138.36.220.39','2022-08-02 03:01:44','2022-08-02 03:01:48'),(544,1,NULL,'138.36.220.39','2022-08-02 03:01:50',NULL),(545,1,2,'138.36.220.39','2022-08-02 03:01:51','2022-08-02 03:02:20'),(546,6,NULL,'181.168.105.155','2022-08-02 03:04:03',NULL),(547,6,NULL,'181.168.105.155','2022-08-02 05:22:59',NULL),(548,6,16,'181.168.105.155','2022-08-02 05:23:00','2022-08-02 05:35:20'),(549,6,NULL,'181.168.105.155','2022-08-02 05:35:21',NULL),(550,6,16,'181.168.105.155','2022-08-02 05:35:22','2022-08-02 05:52:46'),(551,6,NULL,'181.168.105.155','2022-08-02 05:39:17',NULL),(552,6,23,'181.168.105.155','2022-08-02 05:39:17','2022-08-02 05:59:03'),(553,6,NULL,'181.168.105.155','2022-08-02 05:52:47',NULL),(554,6,16,'181.168.105.155','2022-08-02 05:52:48','2022-08-02 05:52:55'),(555,6,NULL,'181.168.105.155','2022-08-02 05:52:56',NULL),(556,6,16,'181.168.105.155','2022-08-02 05:52:57','2022-08-02 05:58:54'),(557,6,NULL,'181.168.105.155','2022-08-02 05:58:55',NULL),(558,6,16,'181.168.105.155','2022-08-02 05:58:56','2022-08-02 05:58:57'),(559,6,NULL,'181.168.105.155','2022-08-02 05:59:08',NULL),(560,6,16,'181.168.105.155','2022-08-02 05:59:09','2022-08-02 06:41:46'),(561,14,NULL,'190.49.35.5','2022-08-02 11:50:20',NULL),(562,14,27,'190.49.35.5','2022-08-02 11:50:21','2022-08-02 11:54:19'),(563,1,NULL,'138.36.220.39','2022-08-02 13:46:36',NULL),(564,1,2,'138.36.220.39','2022-08-02 13:46:37','2022-08-02 13:48:04'),(565,5,NULL,'37.223.16.57','2022-08-02 16:10:19',NULL),(566,5,15,'37.223.16.57','2022-08-02 16:10:20','2022-08-02 16:11:06'),(567,1,NULL,'138.36.220.39','2022-08-02 17:06:26',NULL),(568,1,2,'138.36.220.39','2022-08-02 17:06:27','2022-08-02 17:09:29'),(569,1,NULL,'138.36.220.39','2022-08-02 17:13:07',NULL),(570,1,NULL,'138.36.220.39','2022-08-02 17:22:33',NULL),(571,1,NULL,'138.36.220.39','2022-08-02 17:23:20',NULL),(572,1,NULL,'138.36.220.39','2022-08-02 17:23:27',NULL),(573,1,NULL,'138.36.220.39','2022-08-02 17:23:37',NULL),(574,1,NULL,'138.36.220.39','2022-08-02 17:23:41',NULL),(575,1,NULL,'138.36.220.39','2022-08-02 17:23:48',NULL),(576,1,NULL,'138.36.220.39','2022-08-02 17:23:48',NULL),(577,1,NULL,'138.36.220.39','2022-08-02 17:43:36',NULL),(578,1,NULL,'138.36.220.39','2022-08-02 17:43:41',NULL),(579,1,NULL,'138.36.220.39','2022-08-02 17:43:43',NULL),(580,1,NULL,'138.36.220.39','2022-08-02 17:44:09',NULL),(581,1,NULL,'138.36.220.39','2022-08-02 17:44:54',NULL),(582,1,NULL,'138.36.220.39','2022-08-02 17:44:58',NULL),(583,1,NULL,'138.36.220.39','2022-08-02 17:45:04',NULL),(584,1,NULL,'138.36.220.39','2022-08-02 17:45:08',NULL),(585,1,NULL,'138.36.220.39','2022-08-02 17:45:24',NULL),(586,1,NULL,'138.36.220.39','2022-08-02 17:46:45',NULL),(587,5,NULL,'37.223.16.57','2022-08-02 18:50:55',NULL),(588,5,15,'37.223.16.57','2022-08-02 18:50:57','2022-08-02 18:59:13'),(589,1,NULL,'138.36.220.39','2022-08-02 19:04:06',NULL),(590,1,2,'138.36.220.39','2022-08-02 19:04:10','2022-08-02 19:13:03'),(591,1,NULL,'138.36.220.39','2022-08-02 19:21:27',NULL),(592,1,2,'138.36.220.39','2022-08-02 19:21:35','2022-08-02 19:22:54'),(593,1,NULL,'138.36.220.39','2022-08-02 19:27:40',NULL),(594,1,2,'138.36.220.39','2022-08-02 19:27:42','2022-08-02 19:28:16'),(595,13,NULL,'186.57.132.232','2022-08-02 23:05:21',NULL),(596,13,28,'186.57.132.232','2022-08-02 23:05:23','2022-08-02 23:44:55'),(597,6,NULL,'181.168.105.155','2022-08-03 00:03:53',NULL),(598,6,16,'181.168.105.155','2022-08-03 00:03:57','2022-08-03 00:05:21'),(599,13,NULL,'186.57.132.232','2022-08-03 00:44:02',NULL),(600,13,28,'186.57.132.232','2022-08-03 00:44:04','2022-08-03 01:12:57'),(601,1,NULL,'138.36.220.39','2022-08-03 13:53:39',NULL),(602,1,2,'138.36.220.39','2022-08-03 13:53:41','2022-08-03 13:54:50'),(603,13,NULL,'186.57.132.232','2022-08-03 16:42:38',NULL),(604,13,28,'186.57.132.232','2022-08-03 16:42:41','2022-08-03 16:56:39'),(605,13,NULL,'186.57.132.232','2022-08-03 16:56:41',NULL),(606,13,26,'186.57.132.232','2022-08-03 16:56:45','2022-08-03 17:01:21'),(607,13,NULL,'186.57.132.232','2022-08-03 17:01:22',NULL),(608,13,28,'186.57.132.232','2022-08-03 17:01:23','2022-08-03 17:01:45'),(609,13,NULL,'186.57.132.232','2022-08-03 17:01:47',NULL),(610,13,26,'186.57.132.232','2022-08-03 17:01:47','2022-08-03 17:01:53'),(611,13,NULL,'186.57.132.232','2022-08-03 17:01:54',NULL),(612,13,28,'186.57.132.232','2022-08-03 17:01:56','2022-08-03 17:02:36'),(613,13,NULL,'186.57.132.232','2022-08-03 17:03:28',NULL),(614,13,26,'186.57.132.232','2022-08-03 17:03:29','2022-08-03 17:03:34'),(615,13,NULL,'186.57.132.232','2022-08-03 17:03:35',NULL),(616,13,28,'186.57.132.232','2022-08-03 17:03:38','2022-08-03 17:03:54'),(617,13,NULL,'186.57.132.232','2022-08-03 17:55:23',NULL),(618,13,28,'186.57.132.232','2022-08-03 17:55:27','2022-08-03 17:57:24'),(619,13,NULL,'186.57.132.232','2022-08-03 17:57:25',NULL),(620,13,26,'186.57.132.232','2022-08-03 17:57:26','2022-08-03 17:57:30'),(621,13,NULL,'186.57.132.232','2022-08-03 17:57:31',NULL),(622,13,28,'186.57.132.232','2022-08-03 17:57:32','2022-08-03 17:57:47'),(623,13,NULL,'186.57.132.232','2022-08-03 17:57:49',NULL),(624,13,26,'186.57.132.232','2022-08-03 17:57:50','2022-08-03 17:57:53'),(625,13,NULL,'186.57.132.232','2022-08-03 17:57:55',NULL),(626,13,28,'186.57.132.232','2022-08-03 17:57:56','2022-08-03 17:59:41'),(627,13,NULL,'186.57.132.232','2022-08-03 17:59:42',NULL),(628,13,26,'186.57.132.232','2022-08-03 17:59:43','2022-08-03 17:59:46'),(629,13,NULL,'186.57.132.232','2022-08-03 17:59:48',NULL),(630,13,28,'186.57.132.232','2022-08-03 17:59:48',NULL),(631,1,NULL,'138.36.220.39','2022-08-03 18:43:09',NULL),(632,1,2,'138.36.220.39','2022-08-03 18:43:11','2022-08-03 18:43:18'),(633,1,NULL,'138.36.220.39','2022-08-03 18:43:20',NULL),(634,1,3,'138.36.220.39','2022-08-03 18:43:21','2022-08-03 18:43:50'),(635,1,NULL,'138.36.220.39','2022-08-03 18:46:22',NULL),(636,1,2,'138.36.220.39','2022-08-03 18:46:23','2022-08-03 18:46:28'),(637,1,NULL,'138.36.220.39','2022-08-03 18:46:29',NULL),(638,1,3,'138.36.220.39','2022-08-03 18:46:30','2022-08-03 18:46:33'),(639,1,NULL,'138.36.220.39','2022-08-03 18:46:34',NULL),(640,1,2,'138.36.220.39','2022-08-03 18:46:35','2022-08-03 18:47:03'),(641,13,NULL,'186.57.132.232','2022-08-03 18:47:29',NULL),(642,13,28,'186.57.132.232','2022-08-03 18:47:34','2022-08-03 18:51:28'),(643,13,NULL,'186.57.132.232','2022-08-03 18:51:29',NULL),(644,13,26,'186.57.132.232','2022-08-03 18:51:29','2022-08-03 18:51:32'),(645,13,NULL,'186.57.132.232','2022-08-03 18:51:33',NULL),(646,13,28,'186.57.132.232','2022-08-03 18:51:34','2022-08-03 21:30:02'),(647,14,NULL,'190.49.83.120','2022-08-04 16:45:20',NULL),(648,14,27,'190.49.83.120','2022-08-04 16:45:21','2022-08-04 17:10:19'),(649,5,NULL,'37.223.16.57','2022-08-04 18:29:25',NULL),(650,5,15,'37.223.16.57','2022-08-04 18:29:30','2022-08-04 18:32:07'),(651,13,NULL,'186.57.132.232','2022-08-05 01:48:39',NULL),(652,13,28,'186.57.132.232','2022-08-05 01:48:41','2022-08-05 02:00:57'),(653,5,NULL,'37.14.112.240','2022-08-05 20:41:45',NULL),(654,5,15,'37.14.112.240','2022-08-05 20:41:47','2022-08-05 20:42:28'),(655,1,NULL,'138.36.220.39','2022-08-07 14:18:54',NULL),(656,1,2,'138.36.220.39','2022-08-07 14:18:56','2022-08-07 14:20:50'),(657,1,NULL,'138.36.220.39','2022-08-07 14:23:48',NULL),(658,1,2,'138.36.220.39','2022-08-07 14:23:49','2022-08-07 14:24:11'),(659,1,NULL,'138.36.220.39','2022-08-07 14:41:08',NULL),(660,1,2,'138.36.220.39','2022-08-07 14:41:09','2022-08-07 14:42:50'),(661,1,NULL,'138.36.220.39','2022-08-07 14:42:53',NULL),(662,1,2,'138.36.220.39','2022-08-07 14:42:54','2022-08-07 14:43:13'),(663,1,NULL,'138.36.220.39','2022-08-07 14:43:15',NULL),(664,1,2,'138.36.220.39','2022-08-07 14:43:16','2022-08-07 14:43:33'),(665,1,NULL,'138.36.220.39','2022-08-07 14:43:34',NULL),(666,1,2,'138.36.220.39','2022-08-07 14:43:36','2022-08-07 14:43:41'),(667,1,NULL,'138.36.220.39','2022-08-07 14:43:49',NULL),(668,1,NULL,'138.36.220.39','2022-08-07 14:49:46',NULL),(669,1,2,'138.36.220.39','2022-08-07 14:49:47','2022-08-07 14:49:56'),(670,1,NULL,'138.36.220.39','2022-08-07 15:08:41',NULL),(671,1,2,'138.36.220.39','2022-08-07 15:08:44','2022-08-07 15:08:48'),(672,1,NULL,'138.36.220.39','2022-08-07 15:10:48',NULL),(673,1,NULL,'138.36.220.39','2022-08-07 15:46:37',NULL),(674,1,2,'138.36.220.39','2022-08-07 15:46:38','2022-08-07 15:46:41'),(675,1,NULL,'138.36.220.39','2022-08-07 16:03:42',NULL),(676,1,3,'138.36.220.39','2022-08-07 16:03:44','2022-08-07 16:03:47'),(677,1,NULL,'138.36.220.39','2022-08-07 16:03:53',NULL),(678,1,3,'138.36.220.39','2022-08-07 16:04:01','2022-08-07 16:04:04'),(679,1,NULL,'138.36.220.39','2022-08-07 16:14:54',NULL),(680,1,NULL,'138.36.220.39','2022-08-07 19:23:17',NULL),(681,1,2,'138.36.220.39','2022-08-07 19:23:18','2022-08-07 19:23:31'),(682,1,NULL,'138.36.220.39','2022-08-07 19:25:26',NULL),(683,1,2,'138.36.220.39','2022-08-07 19:25:27','2022-08-07 19:25:37'),(684,1,NULL,'138.36.220.39','2022-08-07 19:28:25',NULL),(685,1,2,'138.36.220.39','2022-08-07 19:28:26','2022-08-07 19:29:42'),(686,1,NULL,'138.36.220.39','2022-08-07 19:32:54',NULL),(687,1,2,'138.36.220.39','2022-08-07 19:32:55','2022-08-07 19:33:14'),(688,1,NULL,'138.36.220.39','2022-08-07 19:37:46',NULL),(689,1,2,'138.36.220.39','2022-08-07 19:37:47','2022-08-07 19:38:03'),(690,1,NULL,'138.36.220.39','2022-08-07 19:38:05',NULL),(691,1,2,'138.36.220.39','2022-08-07 19:38:06','2022-08-07 19:39:00'),(692,1,NULL,'138.36.220.39','2022-08-07 19:39:27',NULL),(693,1,2,'138.36.220.39','2022-08-07 19:39:29','2022-08-07 19:40:53'),(694,1,NULL,'138.36.220.39','2022-08-07 19:41:34',NULL),(695,1,2,'138.36.220.39','2022-08-07 19:41:35','2022-08-07 19:42:12'),(696,1,NULL,'138.36.220.39','2022-08-07 19:42:39',NULL),(697,1,2,'138.36.220.39','2022-08-07 19:42:40','2022-08-07 19:42:53'),(698,1,NULL,'138.36.220.39','2022-08-07 19:50:22',NULL),(699,1,2,'138.36.220.39','2022-08-07 19:50:24','2022-08-07 19:50:50'),(700,1,NULL,'138.36.220.39','2022-08-07 19:51:36',NULL),(701,1,2,'138.36.220.39','2022-08-07 19:51:38','2022-08-07 19:51:50'),(702,1,NULL,'138.36.220.39','2022-08-07 19:51:53',NULL),(703,1,NULL,'138.36.220.39','2022-08-07 19:52:25',NULL),(704,1,2,'138.36.220.39','2022-08-07 19:52:26','2022-08-07 19:53:49'),(705,1,NULL,'138.36.220.39','2022-08-07 20:13:51',NULL),(706,1,2,'138.36.220.39','2022-08-07 20:13:52','2022-08-07 20:14:30'),(707,1,NULL,'138.36.220.39','2022-08-07 20:18:57',NULL),(708,1,2,'138.36.220.39','2022-08-07 20:19:02','2022-08-07 20:19:55'),(709,1,NULL,'138.36.220.39','2022-08-07 20:24:33',NULL),(710,1,2,'138.36.220.39','2022-08-07 20:24:34','2022-08-07 20:24:48'),(711,1,NULL,'138.36.220.39','2022-08-07 20:26:32',NULL),(712,1,2,'138.36.220.39','2022-08-07 20:26:33','2022-08-07 20:26:45'),(713,1,NULL,'138.36.220.39','2022-08-07 20:30:09',NULL),(714,1,2,'138.36.220.39','2022-08-07 20:30:10','2022-08-07 20:30:20'),(715,1,NULL,'138.36.220.39','2022-08-07 20:33:39',NULL),(716,1,2,'138.36.220.39','2022-08-07 20:33:40','2022-08-07 20:34:37'),(717,1,NULL,'138.36.220.39','2022-08-07 20:38:32',NULL),(718,1,2,'138.36.220.39','2022-08-07 20:38:33','2022-08-07 20:39:28'),(719,1,NULL,'138.36.220.39','2022-08-07 20:40:48',NULL),(720,1,2,'138.36.220.39','2022-08-07 20:40:49','2022-08-07 20:41:10'),(721,1,NULL,'138.36.220.39','2022-08-07 20:41:31',NULL),(722,1,2,'138.36.220.39','2022-08-07 20:41:32','2022-08-07 20:41:51'),(723,1,NULL,'138.36.220.39','2022-08-07 20:42:29',NULL),(724,1,2,'138.36.220.39','2022-08-07 20:42:30','2022-08-07 20:43:24'),(725,1,NULL,'138.36.220.39','2022-08-07 20:43:53',NULL),(726,1,2,'138.36.220.39','2022-08-07 20:43:54','2022-08-07 20:44:13'),(727,1,NULL,'138.36.220.39','2022-08-07 20:45:25',NULL),(728,1,2,'138.36.220.39','2022-08-07 20:45:26','2022-08-07 20:46:07'),(729,1,NULL,'138.36.220.39','2022-08-07 20:46:55',NULL),(730,1,2,'138.36.220.39','2022-08-07 20:47:08','2022-08-07 22:32:09'),(731,1,NULL,'138.36.220.39','2022-08-07 22:32:55',NULL),(732,1,2,'138.36.220.39','2022-08-07 22:32:56','2022-08-07 22:38:20'),(733,1,NULL,'138.36.220.39','2022-08-07 22:39:34',NULL),(734,1,2,'138.36.220.39','2022-08-07 22:39:34','2022-08-07 22:40:02'),(735,1,NULL,'138.36.220.39','2022-08-07 22:46:26',NULL),(736,1,2,'138.36.220.39','2022-08-07 22:46:27','2022-08-07 22:47:33'),(737,15,NULL,'181.229.68.252','2022-08-07 22:48:15',NULL),(738,15,29,'181.229.68.252','2022-08-07 22:48:18','2022-08-07 22:57:07'),(739,14,NULL,'190.49.16.69','2022-08-07 23:00:39',NULL),(740,14,27,'190.49.16.69','2022-08-07 23:00:40','2022-08-07 23:03:31'),(741,13,NULL,'186.57.251.134','2022-08-07 23:08:11',NULL),(742,13,28,'186.57.251.134','2022-08-07 23:08:12','2022-08-07 23:11:03'),(743,15,NULL,'181.229.68.252','2022-08-08 02:33:28',NULL),(744,15,29,'181.229.68.252','2022-08-08 02:33:30','2022-08-08 02:34:20'),(745,1,NULL,'138.36.220.39','2022-08-08 03:11:05',NULL),(746,1,2,'138.36.220.39','2022-08-08 03:11:07','2022-08-08 03:11:27'),(747,1,NULL,'138.36.220.39','2022-08-08 03:12:14',NULL),(748,1,2,'138.36.220.39','2022-08-08 03:12:14','2022-08-08 03:15:04'),(749,5,NULL,'37.223.16.57','2022-08-08 12:49:33',NULL),(750,5,15,'37.223.16.57','2022-08-08 12:49:35','2022-08-08 12:52:43'),(751,1,NULL,'138.36.220.39','2022-08-08 14:24:48',NULL),(752,1,2,'138.36.220.39','2022-08-08 14:24:53','2022-08-08 14:27:39'),(753,5,NULL,'37.223.16.57','2022-08-08 14:27:23',NULL),(754,5,15,'37.223.16.57','2022-08-08 14:27:25','2022-08-08 14:27:40'),(755,5,NULL,'37.223.16.57','2022-08-08 14:32:34',NULL),(756,5,15,'37.223.16.57','2022-08-08 14:32:35','2022-08-08 14:41:43'),(757,5,NULL,'37.223.16.57','2022-08-08 15:33:07',NULL),(758,5,15,'37.223.16.57','2022-08-08 15:33:09','2022-08-08 15:33:38'),(759,5,NULL,'37.223.16.57','2022-08-08 15:37:38',NULL),(760,5,NULL,'37.223.16.57','2022-08-08 15:37:38',NULL),(761,5,15,'37.223.16.57','2022-08-08 15:37:39','2022-08-08 15:40:23'),(762,5,NULL,'37.223.12.108','2022-08-08 21:05:52',NULL),(763,5,30,'37.223.12.108','2022-08-08 21:06:20','2022-08-08 21:57:02'),(764,13,NULL,'186.57.251.134','2022-08-09 02:09:20',NULL),(765,13,28,'186.57.251.134','2022-08-09 02:09:21','2022-08-09 02:13:03'),(766,5,NULL,'37.223.12.108','2022-08-09 09:56:58',NULL),(767,5,15,'37.223.12.108','2022-08-09 09:56:59','2022-08-09 09:57:33'),(768,5,NULL,'37.223.12.108','2022-08-09 09:58:25',NULL),(769,5,15,'37.223.12.108','2022-08-09 09:58:28','2022-08-09 10:04:48'),(770,5,NULL,'37.223.12.108','2022-08-09 10:04:51',NULL),(771,5,30,'37.223.12.108','2022-08-09 10:04:53','2022-08-09 10:07:44'),(772,5,NULL,'37.223.12.108','2022-08-09 10:29:05',NULL),(773,5,15,'37.223.12.108','2022-08-09 10:29:07','2022-08-09 10:31:54'),(774,5,NULL,'37.223.12.108','2022-08-09 10:31:57',NULL),(775,5,30,'37.223.12.108','2022-08-09 10:31:58','2022-08-09 10:34:17'),(776,5,NULL,'37.223.12.108','2022-08-09 10:34:20',NULL),(777,5,15,'37.223.12.108','2022-08-09 10:34:21','2022-08-09 10:35:08'),(778,1,NULL,'138.36.220.39','2022-08-09 16:52:06',NULL),(779,5,NULL,'37.223.12.108','2022-08-09 20:09:51',NULL),(780,5,15,'37.223.12.108','2022-08-09 20:09:52','2022-08-09 20:23:19'),(781,6,NULL,'181.168.105.155','2022-08-10 05:09:37',NULL),(782,6,16,'181.168.105.155','2022-08-10 05:09:39','2022-08-10 05:13:01'),(783,6,NULL,'181.168.105.155','2022-08-10 07:24:25',NULL),(784,6,16,'181.168.105.155','2022-08-10 07:24:26','2022-08-10 07:24:37'),(785,6,NULL,'181.168.105.155','2022-08-10 07:27:20',NULL),(786,6,16,'181.168.105.155','2022-08-10 07:27:23','2022-08-10 07:28:07'),(787,16,NULL,'181.168.105.155','2022-08-10 07:38:32',NULL),(788,16,NULL,'181.168.105.155','2022-08-10 07:39:21',NULL),(789,16,31,'181.168.105.155','2022-08-10 07:39:40','2022-08-10 07:39:53'),(790,6,NULL,'181.168.105.155','2022-08-10 07:46:10',NULL),(791,6,16,'181.168.105.155','2022-08-10 07:46:19','2022-08-10 08:01:32'),(792,5,NULL,'37.223.12.108','2022-08-10 15:38:13',NULL),(793,5,15,'37.223.12.108','2022-08-10 15:38:15','2022-08-10 15:47:16'),(794,5,NULL,'37.223.12.108','2022-08-10 17:02:59',NULL),(795,5,15,'37.223.12.108','2022-08-10 17:03:01','2022-08-10 17:03:57'),(796,5,NULL,'37.223.12.108','2022-08-10 17:07:00',NULL),(797,5,15,'37.223.12.108','2022-08-10 17:07:02','2022-08-10 17:07:46'),(798,5,NULL,'37.223.12.108','2022-08-10 17:10:32',NULL),(799,5,15,'37.223.12.108','2022-08-10 17:10:33','2022-08-10 17:10:50'),(800,5,NULL,'37.223.12.108','2022-08-10 17:15:34',NULL),(801,5,15,'37.223.12.108','2022-08-10 17:15:35','2022-08-10 17:19:46'),(802,5,NULL,'37.223.12.108','2022-08-10 17:21:45',NULL),(803,5,15,'37.223.12.108','2022-08-10 17:21:47','2022-08-10 17:40:34'),(804,5,NULL,'37.223.12.108','2022-08-10 17:43:58',NULL),(805,5,15,'37.223.12.108','2022-08-10 17:43:59','2022-08-10 17:49:56'),(806,17,NULL,'127.0.0.1','2022-08-11 00:35:56',NULL),(807,17,32,'127.0.0.1','2022-08-11 00:36:15',NULL),(808,17,NULL,'127.0.0.1','2022-08-11 00:43:18',NULL),(809,17,32,'127.0.0.1','2022-08-11 00:43:40','2022-08-11 01:03:52'),(810,17,NULL,'127.0.0.1','2022-08-17 02:03:27',NULL),(811,17,32,'127.0.0.1','2022-08-17 02:03:41','2022-08-17 02:04:08'),(812,17,NULL,'127.0.0.1','2022-08-17 02:04:12',NULL),(813,17,NULL,'127.0.0.1','2022-08-17 02:04:18',NULL),(814,17,32,'127.0.0.1','2022-08-17 02:04:20','2022-08-17 02:06:07'),(815,17,NULL,'127.0.0.1','2022-08-17 02:06:09',NULL),(816,17,33,'127.0.0.1','2022-08-17 02:06:23','2022-08-17 02:06:28'),(817,17,NULL,'127.0.0.1','2022-08-17 02:06:47',NULL),(818,17,33,'127.0.0.1','2022-08-17 02:06:47','2022-08-17 02:07:01'),(819,17,NULL,'127.0.0.1','2022-08-17 02:07:19',NULL),(820,17,33,'127.0.0.1','2022-08-17 02:07:19','2022-08-17 02:07:52'),(821,17,NULL,'127.0.0.1','2022-08-17 02:07:55',NULL),(822,17,33,'127.0.0.1','2022-08-17 02:07:55','2022-08-17 02:31:13'),(823,17,NULL,'127.0.0.1','2022-08-17 02:08:21',NULL),(824,17,32,'127.0.0.1','2022-08-17 02:08:21','2022-08-17 02:31:10'),(825,17,NULL,'127.0.0.1','2022-08-17 02:28:03',NULL),(826,17,34,'127.0.0.1','2022-08-17 02:28:24','2022-08-17 02:31:16'),(827,17,NULL,'127.0.0.1','2022-08-17 02:36:03',NULL),(828,17,33,'127.0.0.1','2022-08-17 02:36:04',NULL),(829,17,NULL,'127.0.0.1','2022-08-17 02:36:08',NULL),(830,17,32,'127.0.0.1','2022-08-17 02:36:09',NULL),(831,17,NULL,'127.0.0.1','2022-08-17 02:44:56',NULL),(832,17,33,'127.0.0.1','2022-08-17 02:44:57',NULL),(833,17,NULL,'127.0.0.1','2022-08-17 02:45:01',NULL),(834,17,34,'127.0.0.1','2022-08-17 02:45:01','2022-08-17 02:45:04'),(835,17,NULL,'127.0.0.1','2022-08-17 02:45:05',NULL),(836,17,32,'127.0.0.1','2022-08-17 02:45:05',NULL),(837,17,NULL,'127.0.0.1','2022-08-17 02:46:20',NULL),(838,17,33,'127.0.0.1','2022-08-17 02:46:20',NULL),(839,17,NULL,'127.0.0.1','2022-08-17 02:46:23',NULL),(840,17,32,'127.0.0.1','2022-08-17 02:46:24',NULL),(841,17,NULL,'127.0.0.1','2022-08-17 02:55:10',NULL),(842,17,33,'127.0.0.1','2022-08-17 02:55:11','2022-08-17 03:03:55'),(843,17,NULL,'127.0.0.1','2022-08-17 02:55:18',NULL),(844,17,32,'127.0.0.1','2022-08-17 02:55:19',NULL),(845,17,NULL,'127.0.0.1','2022-08-17 03:33:20',NULL),(846,17,32,'127.0.0.1','2022-08-17 03:33:21','2022-08-17 03:51:25'),(847,17,NULL,'127.0.0.1','2022-08-17 03:33:26',NULL),(848,17,33,'127.0.0.1','2022-08-17 03:33:26','2022-08-17 03:33:47'),(849,17,NULL,'127.0.0.1','2022-08-17 03:43:12',NULL),(850,17,33,'127.0.0.1','2022-08-17 03:43:12','2022-08-17 03:45:08'),(851,17,NULL,'127.0.0.1','2022-08-17 03:47:25',NULL),(852,17,33,'127.0.0.1','2022-08-17 03:47:26','2022-08-17 03:49:24'),(853,17,NULL,'127.0.0.1','2022-08-22 23:58:58',NULL),(854,17,33,'127.0.0.1','2022-08-22 23:58:58','2022-08-22 23:59:57'),(855,17,NULL,'127.0.0.1','2022-08-22 23:59:04',NULL),(856,17,34,'127.0.0.1','2022-08-22 23:59:04','2022-08-22 23:59:07'),(857,17,NULL,'127.0.0.1','2022-08-22 23:59:08',NULL),(858,17,32,'127.0.0.1','2022-08-22 23:59:09','2022-08-22 23:59:59'),(859,17,NULL,'127.0.0.1','2022-08-23 00:00:33',NULL),(860,17,33,'127.0.0.1','2022-08-23 00:00:34',NULL),(861,17,NULL,'127.0.0.1','2022-08-23 00:00:38',NULL),(862,17,32,'127.0.0.1','2022-08-23 00:00:40',NULL),(863,17,NULL,'127.0.0.1','2022-08-23 00:20:20',NULL),(864,17,33,'127.0.0.1','2022-08-23 00:20:22',NULL),(865,17,NULL,'127.0.0.1','2022-08-23 00:20:24',NULL),(866,17,32,'127.0.0.1','2022-08-23 00:20:25',NULL),(867,17,NULL,'127.0.0.1','2022-08-23 00:34:50',NULL),(868,17,33,'127.0.0.1','2022-08-23 00:34:51','2022-08-23 00:36:21'),(869,17,NULL,'127.0.0.1','2022-08-23 00:34:54',NULL),(870,17,32,'127.0.0.1','2022-08-23 00:34:56','2022-08-23 00:36:25'),(871,17,NULL,'127.0.0.1','2022-10-02 14:17:29',NULL),(872,17,33,'127.0.0.1','2022-10-02 14:17:30','2022-10-02 14:19:20'),(873,17,NULL,'127.0.0.1','2022-10-02 23:25:04',NULL),(874,17,33,'127.0.0.1','2022-10-02 23:25:04','2022-10-02 23:31:05'),(875,17,NULL,'127.0.0.1','2022-10-02 23:31:25',NULL),(876,17,33,'127.0.0.1','2022-10-02 23:31:26','2022-10-02 23:37:20'),(877,17,NULL,'127.0.0.1','2022-10-02 23:34:54',NULL),(878,17,32,'127.0.0.1','2022-10-02 23:34:55','2022-10-02 23:37:24'),(879,17,NULL,'127.0.0.1','2022-10-02 23:55:33',NULL),(880,17,33,'127.0.0.1','2022-10-02 23:55:35','2022-10-03 00:56:06'),(881,17,NULL,'127.0.0.1','2022-10-17 13:56:24',NULL),(882,17,33,'127.0.0.1','2022-10-17 13:56:42','2022-10-17 14:22:41');
/*!40000 ALTER TABLE `login_log` ENABLE KEYS */;
UNLOCK TABLES;

--
-- Table structure for table `market_bid`
--

DROP TABLE IF EXISTS `market_bid`;
/*!40101 SET @saved_cs_client     = @@character_set_client */;
/*!50503 SET character_set_client = utf8mb4 */;
CREATE TABLE `market_bid` (
  `id` int unsigned NOT NULL AUTO_INCREMENT,
  `market_character_id` int unsigned NOT NULL,
  `value` double NOT NULL,
  `created_at` timestamp NOT NULL DEFAULT CURRENT_TIMESTAMP,
  `account_id` int unsigned NOT NULL,
  `comission_payed_at` timestamp NULL DEFAULT NULL,
  `payment_id` int unsigned DEFAULT NULL,
  `character1_id` int unsigned DEFAULT NULL,
  `character2_id` int unsigned DEFAULT NULL,
  `character3_id` int unsigned DEFAULT NULL,
  `accepted` tinyint NOT NULL,
  PRIMARY KEY (`id`),
  KEY `fk_market_bid_market_character1_idx` (`market_character_id`),
  KEY `fk_market_bid_account1_idx` (`account_id`),
  KEY `fk_market_bid_payment1_idx` (`payment_id`),
  KEY `fk_market_bid_character1_idx` (`character1_id`),
  KEY `fk_market_bid_character2_idx` (`character2_id`),
  KEY `fk_market_bid_character3_idx` (`character3_id`)
) ENGINE=InnoDB DEFAULT CHARSET=utf8mb3;
/*!40101 SET character_set_client = @saved_cs_client */;

--
-- Dumping data for table `market_bid`
--

LOCK TABLES `market_bid` WRITE;
/*!40000 ALTER TABLE `market_bid` DISABLE KEYS */;
/*!40000 ALTER TABLE `market_bid` ENABLE KEYS */;
UNLOCK TABLES;

--
-- Table structure for table `market_character`
--

DROP TABLE IF EXISTS `market_character`;
/*!40101 SET @saved_cs_client     = @@character_set_client */;
/*!50503 SET character_set_client = utf8mb4 */;
CREATE TABLE `market_character` (
  `id` int unsigned NOT NULL AUTO_INCREMENT,
  `character_id` int unsigned NOT NULL,
  `seller_account_id` int unsigned NOT NULL,
  `created_at` timestamp NOT NULL DEFAULT CURRENT_TIMESTAMP,
  `initial_value` double NOT NULL,
  `current_value` double NOT NULL,
  `bid_ends_at` timestamp NULL DEFAULT NULL,
  `deleted_at` timestamp NULL DEFAULT NULL,
  `buyer_account_id` int unsigned NOT NULL,
  `fixed_price` tinyint NOT NULL,
  `allow_exchange` tinyint NOT NULL,
  `receiver_name` varchar(150) NOT NULL,
  `receiver_account` varchar(250) NOT NULL,
  `is_private` tinyint NOT NULL,
  `description` text NOT NULL,
  PRIMARY KEY (`id`),
  KEY `fk_market_character_character1_idx` (`character_id`),
  KEY `fk_market_character_account1_idx` (`seller_account_id`),
  KEY `fk_market_character_account2_idx` (`buyer_account_id`)
) ENGINE=InnoDB DEFAULT CHARSET=utf8mb3;
/*!40101 SET character_set_client = @saved_cs_client */;

--
-- Dumping data for table `market_character`
--

LOCK TABLES `market_character` WRITE;
/*!40000 ALTER TABLE `market_character` DISABLE KEYS */;
/*!40000 ALTER TABLE `market_character` ENABLE KEYS */;
UNLOCK TABLES;

--
-- Table structure for table `object`
--

DROP TABLE IF EXISTS `object`;
/*!40101 SET @saved_cs_client     = @@character_set_client */;
/*!50503 SET character_set_client = utf8mb4 */;
CREATE TABLE `object` (
  `id` int unsigned NOT NULL AUTO_INCREMENT,
  `object_name` varchar(50) NOT NULL,
  PRIMARY KEY (`id`)
) ENGINE=InnoDB DEFAULT CHARSET=utf8mb3;
/*!40101 SET character_set_client = @saved_cs_client */;

--
-- Dumping data for table `object`
--

LOCK TABLES `object` WRITE;
/*!40000 ALTER TABLE `object` DISABLE KEYS */;
/*!40000 ALTER TABLE `object` ENABLE KEYS */;
UNLOCK TABLES;

--
-- Table structure for table `payment`
--

DROP TABLE IF EXISTS `payment`;
/*!40101 SET @saved_cs_client     = @@character_set_client */;
/*!50503 SET character_set_client = utf8mb4 */;
CREATE TABLE `payment` (
  `id` int unsigned NOT NULL AUTO_INCREMENT,
  `account_id` int unsigned NOT NULL,
  `created_at` timestamp NOT NULL DEFAULT CURRENT_TIMESTAMP,
  `transaction_id` varchar(45) NOT NULL,
  PRIMARY KEY (`id`),
  KEY `fk_payment_account1_idx` (`account_id`)
) ENGINE=InnoDB DEFAULT CHARSET=utf8mb3;
/*!40101 SET character_set_client = @saved_cs_client */;

--
-- Dumping data for table `payment`
--

LOCK TABLES `payment` WRITE;
/*!40000 ALTER TABLE `payment` DISABLE KEYS */;
/*!40000 ALTER TABLE `payment` ENABLE KEYS */;
UNLOCK TABLES;

--
-- Table structure for table `quest`
--

DROP TABLE IF EXISTS `quest`;
/*!40101 SET @saved_cs_client     = @@character_set_client */;
/*!50503 SET character_set_client = utf8mb4 */;
CREATE TABLE `quest` (
  `id` int unsigned NOT NULL AUTO_INCREMENT,
  `quest_name` varchar(50) NOT NULL,
  PRIMARY KEY (`id`)
) ENGINE=InnoDB DEFAULT CHARSET=utf8mb3;
/*!40101 SET character_set_client = @saved_cs_client */;

--
-- Dumping data for table `quest`
--

LOCK TABLES `quest` WRITE;
/*!40000 ALTER TABLE `quest` DISABLE KEYS */;
/*!40000 ALTER TABLE `quest` ENABLE KEYS */;
UNLOCK TABLES;

--
-- Table structure for table `skill`
--

DROP TABLE IF EXISTS `skill`;
/*!40101 SET @saved_cs_client     = @@character_set_client */;
/*!50503 SET character_set_client = utf8mb4 */;
CREATE TABLE `skill` (
  `id` int unsigned NOT NULL AUTO_INCREMENT,
  `skill_name` varchar(50) NOT NULL,
  PRIMARY KEY (`id`)
) ENGINE=InnoDB DEFAULT CHARSET=utf8mb3;
/*!40101 SET character_set_client = @saved_cs_client */;

--
-- Dumping data for table `skill`
--

LOCK TABLES `skill` WRITE;
/*!40000 ALTER TABLE `skill` DISABLE KEYS */;
/*!40000 ALTER TABLE `skill` ENABLE KEYS */;
UNLOCK TABLES;

--
-- Table structure for table `spell`
--

DROP TABLE IF EXISTS `spell`;
/*!40101 SET @saved_cs_client     = @@character_set_client */;
/*!50503 SET character_set_client = utf8mb4 */;
CREATE TABLE `spell` (
  `id` int unsigned NOT NULL AUTO_INCREMENT,
  `spell_name` varchar(50) NOT NULL,
  `mana` int NOT NULL,
  `skills` int NOT NULL,
  PRIMARY KEY (`id`)
) ENGINE=InnoDB AUTO_INCREMENT=5 DEFAULT CHARSET=utf8mb3;
/*!40101 SET character_set_client = @saved_cs_client */;

--
-- Dumping data for table `spell`
--

LOCK TABLES `spell` WRITE;
/*!40000 ALTER TABLE `spell` DISABLE KEYS */;
INSERT INTO `spell` VALUES (1,'Test1',123,11),(2,'Test2',123,1),(3,'Test3',123,1),(4,'Test4',123,1);
/*!40000 ALTER TABLE `spell` ENABLE KEYS */;
UNLOCK TABLES;
/*!40103 SET TIME_ZONE=@OLD_TIME_ZONE */;

/*!40101 SET SQL_MODE=@OLD_SQL_MODE */;
/*!40014 SET FOREIGN_KEY_CHECKS=@OLD_FOREIGN_KEY_CHECKS */;
/*!40014 SET UNIQUE_CHECKS=@OLD_UNIQUE_CHECKS */;
/*!40101 SET CHARACTER_SET_CLIENT=@OLD_CHARACTER_SET_CLIENT */;
/*!40101 SET CHARACTER_SET_RESULTS=@OLD_CHARACTER_SET_RESULTS */;
/*!40101 SET COLLATION_CONNECTION=@OLD_COLLATION_CONNECTION */;
/*!40111 SET SQL_NOTES=@OLD_SQL_NOTES */;

-- Dump completed on 2022-10-19 10:48:12
